Workbook

Sheet 成交价
B1: 688399.SH | C1: 688389.SH | D1: 688388.SH | E1: 688369.SH | F1: 688368.SH | G1: 688366.SH | H1: 688363.SH | I1: 688358.SH | J1: 688357.SH | K1: 688333.SH | L1: 688321.SH | M1: 688310.SH | N1: 688300.SH | O1: 688299.SH | P1: 688288.SH | Q1: 688268.SH | R1: 688258.SH | S1: 688218.SH | T1: 688202.SH | U1: 688199.SH | V1: 688198.SH | W1: 688196.SH | X1: 688188.SH | Y1: 688181.SH | Z1: 688168.SH | AA1: 688166.SH | AB1: 688139.SH | AC1: 688138.SH | AD1: 688128.SH | AE1: 688123.SH | AF1: 688122.SH | AG1: 688118.SH | AH1: 688116.SH | AI1: 688111.SH | AJ1: 688108.SH | AK1: 688101.SH | AL1: 688099.SH | AM1: 688098.SH | AN1: 688089.SH | AO1: 688088.SH | AP1: 688081.SH | AQ1: 688078.SH | AR1: 688068.SH | AS1: 688066.SH | AT1: 688058.SH | AU1: 688039.SH | AV1: 688037.SH | AW1: 688036.SH | AX1: 688033.SH | AY1: 688030.SH | AZ1: 688029.SH | BA1: 688028.SH | BB1: 688025.SH | BC1: 688023.SH | BD1: 688022.SH | BE1: 688021.SH | BF1: 688020.SH | BG1: 688019.SH | BH1: 688018.SH | BI1: 688016.SH | BJ1: 688015.SH | BK1: 688012.SH | BL1: 688011.SH | BM1: 688010.SH | BN1: 688009.SH | BO1: 688008.SH | BP1: 688007.SH | BQ1: 688006.SH | BR1: 688005.SH | BS1: 688003.SH | BT1: 688002.SH | BU1: 688001.SH | BV1: 603999.SH | BW1: 603998.SH | BX1: 603997.SH | BY1: 603995.SH | BZ1: 603993.SH | CA1: 603992.SH | CB1: 603991.SH | CC1: 603990.SH | CD1: 603989.SH | CE1: 603988.SH | CF1: 603987.SH | CG1: 603986.SH | CH1: 603985.SH | CI1: 603983.SH | CJ1: 603982.SH | CK1: 603980.SH | CL1: 603979.SH | CM1: 603978.SH | CN1: 603977.SH | CO1: 603976.SH | CP1: 603970.SH | CQ1: 603969.SH | CR1: 603968.SH | CS1: 603967.SH | CT1: 603966.SH | CU1: 603960.SH | CV1: 603959.SH | CW1: 603958.SH | CX1: 603956.SH | CY1: 603955.SH | CZ1: 603939.SH | DA1: 603938.SH | DB1: 603937.SH | DC1: 603936.SH | DD1: 603933.SH | DE1: 603929.SH | DF1: 603928.SH | DG1: 603927.SH | DH1: 603926.SH | DI1: 603922.SH | DJ1: 603920.SH | DK1: 603919.SH | DL1: 603918.SH | DM1: 603917.SH | DN1: 603916.SH | DO1: 603915.SH | DP1: 603912.SH | DQ1: 603909.SH | DR1: 603908.SH | DS1: 603906.SH | DT1: 603903.SH | DU1: 603901.SH | DV1: 603900.SH | DW1: 603899.SH | DX1: 603898.SH | DY1: 603897.SH | DZ1: 603896.SH | EA1: 603895.SH | EB1: 603890.SH | EC1: 603889.SH | ED1: 603888.SH | EE1: 603887.SH | EF1: 603886.SH | EG1: 603885.SH | EH1: 603883.SH | EI1: 603882.SH | EJ1: 603881.SH | EK1: 603880.SH | EL1: 603879.SH | EM1: 603878.SH | EN1: 603877.SH | EO1: 603876.SH | EP1: 603871.SH | EQ1: 603869.SH | ER1: 603868.SH | ES1: 603867.SH | ET1: 603866.SH | EU1: 603863.SH | EV1: 603861.SH | EW1: 603860.SH | EX1: 603859.SH | EY1: 603858.SH | EZ1: 603856.SH | FA1: 603855.SH | FB1: 603848.SH | FC1: 603843.SH | FD1: 603839.SH | FE1: 603838.SH | FF1: 603833.SH | FG1: 603829.SH | FH1: 603828.SH | FI1: 603826.SH | FJ1: 603825.SH | FK1: 603823.SH | FL1: 603822.SH | FM1: 603819.SH | FN1: 603818.SH | FO1: 603817.SH | FP1: 603816.SH | FQ1: 603815.SH | FR1: 603813.SH | FS1: 603811.SH | FT1: 603810.SH | FU1: 603809.SH | FV1: 603808.SH | FW1: 603806.SH | FX1: 603803.SH | FY1: 603801.SH | FZ1: 603800.SH | GA1: 603799.SH | GB1: 603798.SH | GC1: 603797.SH | GD1: 603790.SH | GE1: 603789.SH | GF1: 603788.SH | GG1: 603787.SH | GH1: 603786.SH | GI1: 603779.SH | GJ1: 603778.SH | GK1: 603777.SH | GL1: 603776.SH | GM1: 603773.SH | GN1: 603768.SH | GO1: 603767.SH | GP1: 603766.SH | GQ1: 603758.SH | GR1: 603757.SH | GS1: 603755.SH | GT1: 603739.SH | GU1: 603738.SH | GV1: 603737.SH | GW1: 603733.SH | GX1: 603730.SH | GY1: 603729.SH | GZ1: 603728.SH | HA1: 603727.SH | HB1: 603726.SH | HC1: 603725.SH | HD1: 603722.SH | HE1: 603721.SH | HF1: 603718.SH | HG1: 603717.SH | HH1: 603716.SH | HI1: 603713.SH | HJ1: 603712.SH | HK1: 603711.SH | HL1: 603709.SH | HM1: 603708.SH | HN1: 603707.SH | HO1: 603706.SH | HP1: 603703.SH | HQ1: 603701.SH | HR1: 603700.SH | HS1: 603699.SH | HT1: 603698.SH | HU1: 603697.SH | HV1: 603696.SH | HW1: 603693.SH | HX1: 603690.SH | HY1: 603689.SH | HZ1: 603688.SH | IA1: 603687.SH | IB1: 603686.SH | IC1: 603685.SH | ID1: 603683.SH | IE1: 603681.SH | IF1: 603680.SH | IG1: 603679.SH | IH1: 603678.SH | II1: 603677.SH | IJ1: 603676.SH | IK1: 603669.SH | IL1: 603668.SH | IM1: 603667.SH | IN1: 603666.SH | IO1: 603665.SH | IP1: 603663.SH | IQ1: 603662.SH | IR1: 603661.SH | IS1: 603660.SH | IT1: 603659.SH | IU1: 603658.SH | IV1: 603657.SH | IW1: 603656.SH | IX1: 603655.SH | IY1: 603650.SH | IZ1: 603648.SH | JA1: 603639.SH | JB1: 603638.SH | JC1: 603637.SH | JD1: 603636.SH | JE1: 603633.SH | JF1: 603630.SH | JG1: 603629.SH | JH1: 603628.SH | JI1: 603626.SH | JJ1: 603619.SH | JK1: 603618.SH | JL1: 603617.SH | JM1: 603616.SH | JN1: 603615.SH | JO1: 603613.SH | JP1: 603612.SH | JQ1: 603611.SH | JR1: 603610.SH | JS1: 603609.SH | JT1: 603608.SH | JU1: 603607.SH | JV1: 603606.SH | JW1: 603605.SH | JX1: 603602.SH | JY1: 603601.SH | JZ1: 603600.SH | KA1: 603599.SH | KB1: 603598.SH | KC1: 603596.SH | KD1: 603595.SH | KE1: 603590.SH | KF1: 603589.SH | KG1: 603588.SH | KH1: 603587.SH | KI1: 603586.SH | KJ1: 603585.SH | KK1: 603583.SH | KL1: 603580.SH | KM1: 603579.SH | KN1: 603578.SH | KO1: 603577.SH | KP1: 603569.SH | KQ1: 603568.SH | KR1: 603567.SH | KS1: 603566.SH | KT1: 603559.SH | KU1: 603558.SH | KV1: 603557.SH | KW1: 603556.SH | KX1: 603538.SH | KY1: 603536.SH | KZ1: 603535.SH | LA1: 603533.SH | LB1: 603530.SH | LC1: 603528.SH | LD1: 603527.SH | LE1: 603520.SH | LF1: 603519.SH | LG1: 603518.SH | LH1: 603517.SH | LI1: 603516.SH | LJ1: 603515.SH | LK1: 603508.SH | LL1: 603507.SH | LM1: 603506.SH | LN1: 603505.SH | LO1: 603501.SH | LP1: 603500.SH | LQ1: 603499.SH | LR1: 603496.SH | LS1: 603489.SH | LT1: 603488.SH | LU1: 603486.SH | LV1: 603477.SH | LW1: 603466.SH | LX1: 603458.SH | LY1: 603456.SH | LZ1: 603444.SH | MA1: 603429.SH | MB1: 603421.SH | MC1: 603416.SH | MD1: 603399.SH | ME1: 603398.SH | MF1: 603396.SH | MG1: 603393.SH | MH1: 603390.SH | MI1: 603389.SH | MJ1: 603387.SH | MK1: 603386.SH | ML1: 603385.SH | MM1: 603383.SH | MN1: 603380.SH | MO1: 603379.SH | MP1: 603378.SH | MQ1: 603377.SH | MR1: 603369.SH | MS1: 603368.SH | MT1: 603367.SH | MU1: 603366.SH | MV1: 603365.SH | MW1: 603363.SH | MX1: 603360.SH | MY1: 603359.SH | MZ1: 603358.SH | NA1: 603357.SH | NB1: 603356.SH | NC1: 603355.SH | ND1: 603351.SH | NE1: 603348.SH | NF1: 603345.SH | NG1: 603339.SH | NH1: 603338.SH | NI1: 603337.SH | NJ1: 603336.SH | NK1: 603335.SH | NL1: 603333.SH | NM1: 603332.SH | NN1: 603331.SH | NO1: 603330.SH | NP1: 603329.SH | NQ1: 603328.SH | NR1: 603327.SH | NS1: 603326.SH | NT1: 603323.SH | NU1: 603322.SH | NV1: 603321.SH | NW1: 603320.SH | NX1: 603319.SH | NY1: 603318.SH | NZ1: 603317.SH | OA1: 603316.SH | OB1: 603315.SH | OC1: 603313.SH | OD1: 603311.SH | OE1: 603309.SH | OF1: 603308.SH | OG1: 603306.SH | OH1: 603305.SH | OI1: 603303.SH | OJ1: 603301.SH | OK1: 603300.SH | OL1: 603299.SH | OM1: 603298.SH | ON1: 603297.SH | OO1: 603289.SH | OP1: 603288.SH | OQ1: 603286.SH | OR1: 603283.SH | OS1: 603279.SH | OT1: 603278.SH | OU1: 603277.SH | OV1: 603269.SH | OW1: 603268.SH | OX1: 603267.SH | OY1: 603266.SH | OZ1: 603260.SH | PA1: 603259.SH | PB1: 603258.SH | PC1: 603256.SH | PD1: 603239.SH | PE1: 603238.SH | PF1: 603236.SH | PG1: 603233.SH | PH1: 603232.SH | PI1: 603229.SH | PJ1: 603228.SH | PK1: 603227.SH | PL1: 603226.SH | PM1: 603225.SH | PN1: 603223.SH | PO1: 603222.SH | PP1: 603220.SH | PQ1: 603218.SH | PR1: 603217.SH | PS1: 603214.SH | PT1: 603208.SH | PU1: 603203.SH | PV1: 603200.SH | PW1: 603199.SH | PX1: 603198.SH | PY1: 603197.SH | PZ1: 603196.SH | QA1: 603192.SH | QB1: 603189.SH | QC1: 603188.SH | QD1: 603187.SH | QE1: 603186.SH | QF1: 603185.SH | QG1: 603183.SH | QH1: 603181.SH | QI1: 603180.SH | QJ1: 603179.SH | QK1: 603178.SH | QL1: 603177.SH | QM1: 603169.SH | QN1: 603168.SH | QO1: 603167.SH | QP1: 603166.SH | QQ1: 603165.SH | QR1: 603161.SH | QS1: 603160.SH | QT1: 603159.SH | QU1: 603158.SH | QV1: 603156.SH | QW1: 603139.SH | QX1: 603138.SH | QY1: 603136.SH | QZ1: 603131.SH | RA1: 603129.SH | RB1: 603128.SH | RC1: 603127.SH | RD1: 603126.SH | RE1: 603123.SH | RF1: 603121.SH | RG1: 603118.SH | RH1: 603117.SH | RI1: 603116.SH | RJ1: 603115.SH | RK1: 603113.SH | RL1: 603111.SH | RM1: 603110.SH | RN1: 603109.SH | RO1: 603108.SH | RP1: 603106.SH | RQ1: 603105.SH | RR1: 603103.SH | RS1: 603101.SH | RT1: 603100.SH | RU1: 603099.SH | RV1: 603098.SH | RW1: 603096.SH | RX1: 603093.SH | RY1: 603090.SH | RZ1: 603089.SH | SA1: 603088.SH | SB1: 603086.SH | SC1: 603085.SH | SD1: 603083.SH | SE1: 603081.SH | SF1: 603080.SH | SG1: 603079.SH | SH1: 603078.SH | SI1: 603077.SH | SJ1: 603076.SH | SK1: 603069.SH | SL1: 603068.SH | SM1: 603067.SH | SN1: 603066.SH | SO1: 603063.SH | SP1: 603060.SH | SQ1: 603059.SH | SR1: 603058.SH | SS1: 603056.SH | ST1: 603055.SH | SU1: 603053.SH | SV1: 603050.SH | SW1: 603045.SH | SX1: 603043.SH | SY1: 603042.SH | SZ1: 603041.SH | TA1: 603040.SH | TB1: 603039.SH | TC1: 603038.SH | TD1: 603037.SH | TE1: 603036.SH | TF1: 603035.SH | TG1: 603033.SH | TH1: 603032.SH | TI1: 603031.SH | TJ1: 603030.SH | TK1: 603029.SH | TL1: 603028.SH | TM1: 603027.SH | TN1: 603026.SH | TO1: 603025.SH | TP1: 603023.SH | TQ1: 603022.SH | TR1: 603021.SH | TS1: 603020.SH | TT1: 603019.SH | TU1: 603018.SH | TV1: 603017.SH | TW1: 603016.SH | TX1: 603015.SH | TY1: 603013.SH | TZ1: 603012.SH | UA1: 603011.SH | UB1: 603010.SH | UC1: 603009.SH | UD1: 603008.SH | UE1: 603007.SH | UF1: 603006.SH | UG1: 603005.SH | UH1: 603002.SH | UI1: 603001.SH | UJ1: 603000.SH | UK1: 601999.SH | UL1: 601998.SH | UM1: 601997.SH | UN1: 601996.SH | UO1: 601992.SH | UP1: 601991.SH | UQ1: 601990.SH | UR1: 601988.SH | US1: 601985.SH | UT1: 601975.SH | UU1: 601969.SH | UV1: 601968.SH | UW1: 601966.SH | UX1: 601965.SH | UY1: 601958.SH | UZ1: 601952.SH | VA1: 601949.SH | VB1: 601939.SH | VC1: 601933.SH | VD1: 601929.SH | VE1: 601928.SH | VF1: 601919.SH | VG1: 601918.SH | VH1: 601916.SH | VI1: 601908.SH | VJ1: 601901.SH | VK1: 601900.SH | VL1: 601899.SH | VM1: 601898.SH | VN1: 601890.SH | VO1: 601888.SH | VP1: 601886.SH | VQ1: 601882.SH | VR1: 601881.SH | VS1: 601880.SH | VT1: 601878.SH | VU1: 601877.SH | VV1: 601872.SH | VW1: 601869.SH | VX1: 601866.SH | VY1: 601865.SH | VZ1: 601860.SH | WA1: 601858.SH | WB1: 601857.SH | WC1: 601838.SH | WD1: 601828.SH | WE1: 601818.SH | WF1: 601811.SH | WG1: 601808.SH | WH1: 601801.SH | WI1: 601800.SH | WJ1: 601799.SH | WK1: 601798.SH | WL1: 601789.SH | WM1: 601788.SH | WN1: 601777.SH | WO1: 601766.SH | WP1: 601727.SH | WQ1: 601718.SH | WR1: 601717.SH | WS1: 601700.SH | WT1: 601699.SH | WU1: 601698.SH | WV1: 601689.SH | WW1: 601688.SH | WX1: 601678.SH | WY1: 601677.SH | WZ1: 601669.SH | XA1: 601668.SH | XB1: 601666.SH | XC1: 601658.SH | XD1: 601636.SH | XE1: 601633.SH | XF1: 601628.SH | XG1: 601619.SH | XH1: 601618.SH | XI1: 601616.SH | XJ1: 601615.SH | XK1: 601611.SH | XL1: 601608.SH | XM1: 601607.SH | XN1: 601606.SH | XO1: 601601.SH | XP1: 601600.SH | XQ1: 601599.SH | XR1: 601598.SH | XS1: 601595.SH | XT1: 601588.SH | XU1: 601579.SH | XV1: 601577.SH | XW1: 601567.SH | XX1: 601566.SH | XY1: 601555.SH | XZ1: 601519.SH | YA1: 601518.SH | YB1: 601515.SH | YC1: 601512.SH | YD1: 601500.SH | YE1: 601398.SH | YF1: 601390.SH | YG1: 601388.SH | YH1: 601377.SH | YI1: 601375.SH | YJ1: 601369.SH | YK1: 601368.SH | YL1: 601366.SH | YM1: 601360.SH | YN1: 601339.SH | YO1: 601336.SH | YP1: 601333.SH | YQ1: 601330.SH | YR1: 601328.SH | YS1: 601326.SH | YT1: 601319.SH | YU1: 601318.SH | YV1: 601311.SH | YW1: 601298.SH | YX1: 601288.SH | YY1: 601238.SH | YZ1: 601236.SH | ZA1: 601233.SH | ZB1: 601231.SH | ZC1: 601229.SH | ZD1: 601228.SH | ZE1: 601226.SH | ZF1: 601225.SH | ZG1: 601222.SH | ZH1: 601218.SH | ZI1: 601216.SH | ZJ1: 601212.SH | ZK1: 601211.SH | ZL1: 601208.SH | ZM1: 601200.SH | ZN1: 601199.SH | ZO1: 601198.SH | ZP1: 601188.SH | ZQ1: 601186.SH | ZR1: 601179.SH | ZS1: 601177.SH | ZT1: 601169.SH | ZU1: 601168.SH | ZV1: 601166.SH | ZW1: 601163.SH | ZX1: 601162.SH | ZY1: 601158.SH | ZZ1: 601155.SH | AAA1: 601139.SH | AAB1: 601138.SH | AAC1: 601137.SH | AAD1: 601128.SH | AAE1: 601127.SH | AAF1: 601126.SH | AAG1: 601118.SH | AAH1: 601117.SH | AAI1: 601116.SH | AAJ1: 601113.SH | AAK1: 601111.SH | AAL1: 601108.SH | AAM1: 601107.SH | AAN1: 601106.SH | AAO1: 601101.SH | AAP1: 601100.SH | AAQ1: 601099.SH | AAR1: 601098.SH | AAS1: 601088.SH | AAT1: 601086.SH | AAU1: 601077.SH | AAV1: 601069.SH | AAW1: 601068.SH | AAX1: 601066.SH | AAY1: 601058.SH | AAZ1: 601038.SH | ABA1: 601021.SH | ABB1: 601020.SH | ABC1: 601019.SH | ABD1: 601018.SH | ABE1: 601016.SH | ABF1: 601015.SH | ABG1: 601012.SH | ABH1: 601011.SH | ABI1: 601010.SH | ABJ1: 601009.SH | ABK1: 601008.SH | ABL1: 601007.SH | ABM1: 601006.SH | ABN1: 601005.SH | ABO1: 601003.SH | ABP1: 601002.SH | ABQ1: 601001.SH | ABR1: 601000.SH | ABS1: 600999.SH | ABT1: 600998.SH | ABU1: 600997.SH | ABV1: 600996.SH | ABW1: 600995.SH | ABX1: 600993.SH | ABY1: 600992.SH | ABZ1: 600990.SH | ACA1: 600989.SH | ACB1: 600988.SH | ACC1: 600987.SH | ACD1: 600986.SH | ACE1: 600985.SH | ACF1: 600984.SH | ACG1: 600983.SH | ACH1: 600982.SH | ACI1: 600981.SH | ACJ1: 600980.SH | ACK1: 600979.SH | ACL1: 600977.SH | ACM1: 600976.SH | ACN1: 600975.SH | ACO1: 600973.SH | ACP1: 600971.SH | ACQ1: 600970.SH | ACR1: 600969.SH | ACS1: 600968.SH | ACT1: 600967.SH | ACU1: 600966.SH | ACV1: 600965.SH | ACW1: 600963.SH | ACX1: 600962.SH | ACY1: 600961.SH | ACZ1: 600960.SH | ADA1: 600959.SH | ADB1: 600958.SH | ADC1: 600939.SH | ADD1: 600936.SH | ADE1: 600933.SH | ADF1: 600929.SH | ADG1: 600928.SH | ADH1: 600926.SH | ADI1: 600919.SH | ADJ1: 600917.SH | ADK1: 600909.SH | ADL1: 600908.SH | ADM1: 600903.SH | ADN1: 600901.SH | ADO1: 600900.SH | ADP1: 600897.SH | ADQ1: 600895.SH | ADR1: 600894.SH | ADS1: 600893.SH | ADT1: 600892.SH | ADU1: 600889.SH | ADV1: 600888.SH | ADW1: 600887.SH | ADX1: 600886.SH | ADY1: 600885.SH | ADZ1: 600884.SH | AEA1: 600883.SH | AEB1: 600882.SH | AEC1: 600881.SH | AED1: 600880.SH | AEE1: 600879.SH | AEF1: 600877.SH | AEG1: 600876.SH | AEH1: 600875.SH | AEI1: 600874.SH | AEJ1: 600873.SH | AEK1: 600872.SH | AEL1: 600871.SH | AEM1: 600869.SH | AEN1: 600868.SH | AEO1: 600867.SH | AEP1: 600866.SH | AEQ1: 600865.SH | AER1: 600864.SH | AES1: 600863.SH | AET1: 600862.SH | AEU1: 600861.SH | AEV1: 600860.SH | AEW1: 600859.SH | AEX1: 600858.SH | AEY1: 600857.SH | AEZ1: 600855.SH | AFA1: 600854.SH | AFB1: 600853.SH | AFC1: 600851.SH | AFD1: 600850.SH | AFE1: 600848.SH | AFF1: 600847.SH | AFG1: 600846.SH | AFH1: 600845.SH | AFI1: 600844.SH | AFJ1: 600843.SH | AFK1: 600841.SH | AFL1: 600839.SH | AFM1: 600838.SH | AFN1: 600835.SH | AFO1: 600834.SH | AFP1: 600833.SH | AFQ1: 600831.SH | AFR1: 600830.SH | AFS1: 600829.SH | AFT1: 600828.SH | AFU1: 600827.SH | AFV1: 600826.SH | AFW1: 600825.SH | AFX1: 600824.SH | AFY1: 600822.SH | AFZ1: 600821.SH | AGA1: 600820.SH | AGB1: 600819.SH | AGC1: 600818.SH | AGD1: 600817.SH | AGE1: 600816.SH | AGF1: 600815.SH | AGG1: 600814.SH | AGH1: 600812.SH | AGI1: 600810.SH | AGJ1: 600809.SH | AGK1: 600808.SH | AGL1: 600807.SH | AGM1: 600805.SH | AGN1: 600803.SH | AGO1: 600802.SH | AGP1: 600801.SH | AGQ1: 600800.SH | AGR1: 600798.SH | AGS1: 600797.SH | AGT1: 600796.SH | AGU1: 600795.SH | AGV1: 600794.SH | AGW1: 600793.SH | AGX1: 600792.SH | AGY1: 600791.SH | AGZ1: 600790.SH | AHA1: 600789.SH | AHB1: 600787.SH | AHC1: 600785.SH | AHD1: 600784.SH | AHE1: 600783.SH | AHF1: 600782.SH | AHG1: 600780.SH | AHH1: 600779.SH | AHI1: 600778.SH | AHJ1: 600777.SH | AHK1: 600776.SH | AHL1: 600775.SH | AHM1: 600774.SH | AHN1: 600773.SH | AHO1: 600771.SH | AHP1: 600770.SH | AHQ1: 600769.SH | AHR1: 600768.SH | AHS1: 600765.SH | AHT1: 600764.SH | AHU1: 600763.SH | AHV1: 600761.SH | AHW1: 600760.SH | AHX1: 600759.SH | AHY1: 600758.SH | AHZ1: 600757.SH | AIA1: 600756.SH | AIB1: 600755.SH | AIC1: 600754.SH | AID1: 600753.SH | AIE1: 600751.SH | AIF1: 600750.SH | AIG1: 600749.SH | AIH1: 600748.SH | AII1: 600746.SH | AIJ1: 600745.SH | AIK1: 600744.SH | AIL1: 600743.SH | AIM1: 600742.SH | AIN1: 600741.SH | AIO1: 600740.SH | AIP1: 600739.SH | AIQ1: 600738.SH | AIR1: 600737.SH | AIS1: 600736.SH | AIT1: 600735.SH | AIU1: 600734.SH | AIV1: 600733.SH | AIW1: 600732.SH | AIX1: 600731.SH | AIY1: 600730.SH | AIZ1: 600729.SH | AJA1: 600728.SH | AJB1: 600727.SH | AJC1: 600726.SH | AJD1: 600725.SH | AJE1: 600724.SH | AJF1: 600722.SH | AJG1: 600721.SH | AJH1: 600720.SH | AJI1: 600719.SH | AJJ1: 600718.SH | AJK1: 600717.SH | AJL1: 600716.SH | AJM1: 600715.SH | AJN1: 600714.SH | AJO1: 600713.SH | AJP1: 600712.SH | AJQ1: 600711.SH | AJR1: 600710.SH | AJS1: 600708.SH | AJT1: 600707.SH | AJU1: 600706.SH | AJV1: 600704.SH | AJW1: 600703.SH | AJX1: 600702.SH | AJY1: 600699.SH | AJZ1: 600698.SH | AKA1: 600697.SH | AKB1: 600696.SH | AKC1: 600694.SH | AKD1: 600693.SH | AKE1: 600692.SH | AKF1: 600691.SH | AKG1: 600690.SH | AKH1: 600689.SH | AKI1: 600688.SH | AKJ1: 600686.SH | AKK1: 600685.SH | AKL1: 600684.SH | AKM1: 600683.SH | AKN1: 600682.SH | AKO1: 600681.SH | AKP1: 600679.SH | AKQ1: 600678.SH | AKR1: 600676.SH | AKS1: 600675.SH | AKT1: 600674.SH | AKU1: 600673.SH | AKV1: 600671.SH | AKW1: 600668.SH | AKX1: 600667.SH | AKY1: 600666.SH | AKZ1: 600665.SH | ALA1: 600664.SH | ALB1: 600663.SH | ALC1: 600662.SH | ALD1: 600661.SH | ALE1: 600660.SH | ALF1: 600658.SH | ALG1: 600657.SH | ALH1: 600655.SH | ALI1: 600654.SH | ALJ1: 600653.SH | ALK1: 600651.SH | ALL1: 600650.SH | ALM1: 600649.SH | ALN1: 600648.SH | ALO1: 600645.SH | ALP1: 600644.SH | ALQ1: 600643.SH | ALR1: 600642.SH | ALS1: 600641.SH | ALT1: 600640.SH | ALU1: 600639.SH | ALV1: 600638.SH | ALW1: 600637.SH | ALX1: 600636.SH | ALY1: 600635.SH | ALZ1: 600633.SH | AMA1: 600630.SH | AMB1: 600629.SH | AMC1: 600628.SH | AMD1: 600626.SH | AME1: 600624.SH | AMF1: 600623.SH | AMG1: 600622.SH | AMH1: 600621.SH | AMI1: 600620.SH | AMJ1: 600619.SH | AMK1: 600618.SH | AML1: 600617.SH | AMM1: 600616.SH | AMN1: 600615.SH | AMO1: 600613.SH | AMP1: 600612.SH | AMQ1: 600611.SH | AMR1: 600610.SH | AMS1: 600609.SH | AMT1: 600608.SH | AMU1: 600606.SH | AMV1: 600605.SH | AMW1: 600604.SH | AMX1: 600603.SH | AMY1: 600602.SH | AMZ1: 600601.SH | ANA1: 600600.SH | ANB1: 600599.SH | ANC1: 600598.SH | AND1: 600597.SH | ANE1: 600596.SH | ANF1: 600595.SH | ANG1: 600594.SH | ANH1: 600593.SH | ANI1: 600592.SH | ANJ1: 600590.SH | ANK1: 600589.SH | ANL1: 600588.SH | ANM1: 600587.SH | ANN1: 600586.SH | ANO1: 600585.SH | ANP1: 600584.SH | ANQ1: 600583.SH | ANR1: 600582.SH | ANS1: 600581.SH | ANT1: 600580.SH | ANU1: 600579.SH | ANV1: 600578.SH | ANW1: 600577.SH | ANX1: 600576.SH | ANY1: 600575.SH | ANZ1: 600573.SH | AOA1: 600572.SH | AOB1: 600571.SH | AOC1: 600570.SH | AOD1: 600569.SH | AOE1: 600568.SH | AOF1: 600567.SH | AOG1: 600566.SH | AOH1: 600563.SH | AOI1: 600562.SH | AOJ1: 600561.SH | AOK1: 600560.SH | AOL1: 600559.SH | AOM1: 600558.SH | AON1: 600557.SH | AOO1: 600556.SH | AOP1: 600552.SH | AOQ1: 600551.SH | AOR1: 600550.SH | AOS1: 600549.SH | AOT1: 600548.SH | AOU1: 600547.SH | AOV1: 600546.SH | AOW1: 600545.SH | AOX1: 600543.SH | AOY1: 600540.SH | AOZ1: 600539.SH | APA1: 600538.SH | APB1: 600537.SH | APC1: 600536.SH | APD1: 600535.SH | APE1: 600533.SH | APF1: 600531.SH | APG1: 600530.SH | APH1: 600529.SH | API1: 600528.SH | APJ1: 600527.SH | APK1: 600526.SH | APL1: 600525.SH | APM1: 600523.SH | APN1: 600522.SH | APO1: 600521.SH | APP1: 600520.SH | APQ1: 600519.SH | APR1: 600518.SH | APS1: 600517.SH | APT1: 600516.SH | APU1: 600515.SH | APV1: 600513.SH | APW1: 600512.SH | APX1: 600511.SH | APY1: 600510.SH | APZ1: 600509.SH | AQA1: 600508.SH | AQB1: 600507.SH | AQC1: 600506.SH | AQD1: 600505.SH | AQE1: 600503.SH | AQF1: 600502.SH | AQG1: 600501.SH | AQH1: 600500.SH | AQI1: 600499.SH | AQJ1: 600498.SH | AQK1: 600497.SH | AQL1: 600496.SH | AQM1: 600495.SH | AQN1: 600493.SH | AQO1: 600491.SH | AQP1: 600490.SH | AQQ1: 600489.SH | AQR1: 600488.SH | AQS1: 600487.SH | AQT1: 600486.SH | AQU1: 600483.SH | AQV1: 600482.SH | AQW1: 600481.SH | AQX1: 600480.SH | AQY1: 600479.SH | AQZ1: 600478.SH | ARA1: 600477.SH | ARB1: 600476.SH | ARC1: 600475.SH | ARD1: 600470.SH | ARE1: 600469.SH | ARF1: 600468.SH | ARG1: 600467.SH | ARH1: 600463.SH | ARI1: 600461.SH | ARJ1: 600460.SH | ARK1: 600459.SH | ARL1: 600458.SH | ARM1: 600456.SH | ARN1: 600455.SH | ARO1: 600452.SH | ARP1: 600449.SH | ARQ1: 600448.SH | ARR1: 600446.SH | ARS1: 600444.SH | ART1: 600439.SH | ARU1: 600438.SH | ARV1: 600436.SH | ARW1: 600435.SH | ARX1: 600433.SH | ARY1: 600429.SH | ARZ1: 600428.SH | ASA1: 600426.SH | ASB1: 600425.SH | ASC1: 600423.SH | ASD1: 600422.SH | ASE1: 600421.SH | ASF1: 600420.SH | ASG1: 600419.SH | ASH1: 600418.SH | ASI1: 600416.SH | ASJ1: 600415.SH | ASK1: 600410.SH | ASL1: 600409.SH | ASM1: 600408.SH | ASN1: 600406.SH | ASO1: 600405.SH | ASP1: 600403.SH | ASQ1: 600400.SH | ASR1: 600399.SH | ASS1: 600398.SH | AST1: 600397.SH | ASU1: 600396.SH | ASV1: 600395.SH | ASW1: 600392.SH | ASX1: 600391.SH | ASY1: 600390.SH | ASZ1: 600389.SH | ATA1: 600388.SH | ATB1: 600386.SH | ATC1: 600383.SH | ATD1: 600382.SH | ATE1: 600381.SH | ATF1: 600380.SH | ATG1: 600379.SH | ATH1: 600378.SH | ATI1: 600377.SH | ATJ1: 600376.SH | ATK1: 600375.SH | ATL1: 600373.SH | ATM1: 600372.SH | ATN1: 600371.SH | ATO1: 600370.SH | ATP1: 600369.SH | ATQ1: 600368.SH | ATR1: 600367.SH | ATS1: 600366.SH | ATT1: 600365.SH | ATU1: 600363.SH | ATV1: 600362.SH | ATW1: 600361.SH | ATX1: 600360.SH | ATY1: 600359.SH | ATZ1: 600358.SH | AUA1: 600356.SH | AUB1: 600355.SH | AUC1: 600354.SH | AUD1: 600353.SH | AUE1: 600352.SH | AUF1: 600351.SH | AUG1: 600350.SH | AUH1: 600348.SH | AUI1: 600346.SH | AUJ1: 600345.SH | AUK1: 600343.SH | AUL1: 600340.SH | AUM1: 600339.SH | AUN1: 600338.SH | AUO1: 600337.SH | AUP1: 600336.SH | AUQ1: 600335.SH | AUR1: 600333.SH | AUS1: 600332.SH | AUT1: 600331.SH | AUU1: 600330.SH | AUV1: 600329.SH | AUW1: 600328.SH | AUX1: 600327.SH | AUY1: 600326.SH | AUZ1: 600325.SH | AVA1: 600323.SH | AVB1: 600322.SH | AVC1: 600320.SH | AVD1: 600319.SH | AVE1: 600318.SH | AVF1: 600316.SH | AVG1: 600315.SH | AVH1: 600313.SH | AVI1: 600312.SH | AVJ1: 600310.SH | AVK1: 600309.SH | AVL1: 600308.SH | AVM1: 600307.SH | AVN1: 600305.SH | AVO1: 600303.SH | AVP1: 600302.SH | AVQ1: 600301.SH | AVR1: 600300.SH | AVS1: 600299.SH | AVT1: 600298.SH | AVU1: 600295.SH | AVV1: 600293.SH | AVW1: 600292.SH | AVX1: 600289.SH | AVY1: 600288.SH | AVZ1: 600287.SH | AWA1: 600285.SH | AWB1: 600284.SH | AWC1: 600283.SH | AWD1: 600282.SH | AWE1: 600281.SH | AWF1: 600280.SH | AWG1: 600279.SH | AWH1: 600278.SH | AWI1: 600276.SH | AWJ1: 600273.SH | AWK1: 600272.SH | AWL1: 600271.SH | AWM1: 600269.SH | AWN1: 600268.SH | AWO1: 600267.SH | AWP1: 600266.SH | AWQ1: 600265.SH | AWR1: 600262.SH | AWS1: 600261.SH | AWT1: 600259.SH | AWU1: 600258.SH | AWV1: 600257.SH | AWW1: 600256.SH | AWX1: 600255.SH | AWY1: 600252.SH | AWZ1: 600251.SH | AXA1: 600250.SH | AXB1: 600249.SH | AXC1: 600248.SH | AXD1: 600246.SH | AXE1: 600243.SH | AXF1: 600241.SH | AXG1: 600239.SH | AXH1: 600238.SH | AXI1: 600237.SH | AXJ1: 600236.SH | AXK1: 600235.SH | AXL1: 600234.SH | AXM1: 600233.SH | AXN1: 600232.SH | AXO1: 600231.SH | AXP1: 600230.SH | AXQ1: 600229.SH | AXR1: 600228.SH | AXS1: 600227.SH | AXT1: 600226.SH | AXU1: 600223.SH | AXV1: 600222.SH | AXW1: 600221.SH | AXX1: 600219.SH | AXY1: 600218.SH | AXZ1: 600217.SH | AYA1: 600216.SH | AYB1: 600215.SH | AYC1: 600212.SH | AYD1: 600211.SH | AYE1: 600210.SH | AYF1: 600208.SH | AYG1: 600207.SH | AYH1: 600206.SH | AYI1: 600203.SH | AYJ1: 600202.SH | AYK1: 600201.SH | AYL1: 600199.SH | AYM1: 600198.SH | AYN1: 600197.SH | AYO1: 600196.SH | AYP1: 600195.SH | AYQ1: 600193.SH | AYR1: 600192.SH | AYS1: 600191.SH | AYT1: 600189.SH | AYU1: 600188.SH | AYV1: 600187.SH | AYW1: 600186.SH | AYX1: 600185.SH | AYY1: 600184.SH | AYZ1: 600183.SH | AZA1: 600182.SH | AZB1: 600180.SH | AZC1: 600179.SH | AZD1: 600178.SH | AZE1: 600177.SH | AZF1: 600176.SH | AZG1: 600173.SH | AZH1: 600172.SH | AZI1: 600171.SH | AZJ1: 600170.SH | AZK1: 600169.SH | AZL1: 600168.SH | AZM1: 600167.SH | AZN1: 600166.SH | AZO1: 600165.SH | AZP1: 600163.SH | AZQ1: 600162.SH | AZR1: 600161.SH | AZS1: 600160.SH | AZT1: 600159.SH | AZU1: 600158.SH | AZV1: 600157.SH | AZW1: 600156.SH | AZX1: 600155.SH | AZY1: 600153.SH | AZZ1: 600152.SH | BAA1: 600151.SH | BAB1: 600150.SH | BAC1: 600149.SH | BAD1: 600148.SH | BAE1: 600143.SH | BAF1: 600141.SH | BAG1: 600138.SH | BAH1: 600137.SH | BAI1: 600136.SH | BAJ1: 600135.SH | BAK1: 600133.SH | BAL1: 600132.SH | BAM1: 600131.SH | BAN1: 600130.SH | BAO1: 600129.SH | BAP1: 600128.SH | BAQ1: 600127.SH | BAR1: 600126.SH | BAS1: 600125.SH | BAT1: 600123.SH | BAU1: 600121.SH | BAV1: 600120.SH | BAW1: 600119.SH | BAX1: 600118.SH | BAY1: 600117.SH | BAZ1: 600116.SH | BBA1: 600115.SH | BBB1: 600114.SH | BBC1: 600113.SH | BBD1: 600111.SH | BBE1: 600110.SH | BBF1: 600109.SH | BBG1: 600108.SH | BBH1: 600107.SH | BBI1: 600106.SH | BBJ1: 600105.SH | BBK1: 600104.SH | BBL1: 600103.SH | BBM1: 600101.SH | BBN1: 600100.SH | BBO1: 600099.SH | BBP1: 600098.SH | BBQ1: 600097.SH | BBR1: 600096.SH | BBS1: 600095.SH | BBT1: 600094.SH | BBU1: 600089.SH | BBV1: 600088.SH | BBW1: 600085.SH | BBX1: 600084.SH | BBY1: 600082.SH | BBZ1: 600081.SH | BCA1: 600080.SH | BCB1: 600079.SH | BCC1: 600078.SH | BCD1: 600076.SH | BCE1: 600075.SH | BCF1: 600073.SH | BCG1: 600072.SH | BCH1: 600071.SH | BCI1: 600067.SH | BCJ1: 600066.SH | BCK1: 600064.SH | BCL1: 600063.SH | BCM1: 600062.SH | BCN1: 600061.SH | BCO1: 600060.SH | BCP1: 600059.SH | BCQ1: 600058.SH | BCR1: 600057.SH | BCS1: 600056.SH | BCT1: 600055.SH | BCU1: 600054.SH | BCV1: 600053.SH | BCW1: 600052.SH | BCX1: 600051.SH | BCY1: 600050.SH | BCZ1: 600048.SH | BDA1: 600039.SH | BDB1: 600038.SH | BDC1: 600037.SH | BDD1: 600036.SH | BDE1: 600035.SH | BDF1: 600033.SH | BDG1: 600031.SH | BDH1: 600030.SH | BDI1: 600029.SH | BDJ1: 600028.SH | BDK1: 600027.SH | BDL1: 600026.SH | BDM1: 600025.SH | BDN1: 600023.SH | BDO1: 600022.SH | BDP1: 600021.SH | BDQ1: 600020.SH | BDR1: 600019.SH | BDS1: 600018.SH | BDT1: 600017.SH | BDU1: 600016.SH | BDV1: 600015.SH | BDW1: 600012.SH | BDX1: 600011.SH | BDY1: 600010.SH | BDZ1: 600009.SH | BEA1: 600008.SH | BEB1: 600007.SH | BEC1: 600006.SH | BED1: 600004.SH | BEE1: 600000.SH | BEF1: 302132.SZ | BEG1: 300812.SZ | BEH1: 300811.SZ | BEI1: 300810.SZ | BEJ1: 300809.SZ | BEK1: 300808.SZ | BEL1: 300807.SZ | BEM1: 300806.SZ | BEN1: 300805.SZ | BEO1: 300803.SZ | BEP1: 300802.SZ | BEQ1: 300801.SZ | BER1: 300800.SZ | BES1: 300798.SZ | BET1: 300797.SZ | BEU1: 300796.SZ | BEV1: 300795.SZ | BEW1: 300793.SZ | BEX1: 300792.SZ | BEY1: 300791.SZ | BEZ1: 300790.SZ | BFA1: 300789.SZ | BFB1: 300788.SZ | BFC1: 300787.SZ | BFD1: 300786.SZ | BFE1: 300785.SZ | BFF1: 300783.SZ | BFG1: 300782.SZ | BFH1: 300781.SZ | BFI1: 300780.SZ | BFJ1: 300779.SZ | BFK1: 300778.SZ | BFL1: 300777.SZ | BFM1: 300776.SZ | BFN1: 300775.SZ | BFO1: 300773.SZ | BFP1: 300772.SZ | BFQ1: 300771.SZ | BFR1: 300770.SZ | BFS1: 300769.SZ | BFT1: 300768.SZ | BFU1: 300767.SZ | BFV1: 300766.SZ | BFW1: 300765.SZ | BFX1: 300763.SZ | BFY1: 300762.SZ | BFZ1: 300761.SZ | BGA1: 300760.SZ | BGB1: 300759.SZ | BGC1: 300758.SZ | BGD1: 300757.SZ | BGE1: 300756.SZ | BGF1: 300755.SZ | BGG1: 300753.SZ | BGH1: 300752.SZ | BGI1: 300751.SZ | BGJ1: 300750.SZ | BGK1: 300749.SZ | BGL1: 300748.SZ | BGM1: 300747.SZ | BGN1: 300746.SZ | BGO1: 300745.SZ | BGP1: 300743.SZ | BGQ1: 300741.SZ | BGR1: 300740.SZ | BGS1: 300739.SZ | BGT1: 300738.SZ | BGU1: 300737.SZ | BGV1: 300736.SZ | BGW1: 300735.SZ | BGX1: 300733.SZ | BGY1: 300732.SZ | BGZ1: 300731.SZ | BHA1: 300730.SZ | BHB1: 300729.SZ | BHC1: 300727.SZ | BHD1: 300726.SZ | BHE1: 300725.SZ | BHF1: 300724.SZ | BHG1: 300723.SZ | BHH1: 300722.SZ | BHI1: 300721.SZ | BHJ1: 300720.SZ | BHK1: 300719.SZ | BHL1: 300718.SZ | BHM1: 300717.SZ | BHN1: 300716.SZ | BHO1: 300715.SZ | BHP1: 300713.SZ | BHQ1: 300712.SZ | BHR1: 300711.SZ | BHS1: 300710.SZ | BHT1: 300709.SZ | BHU1: 300708.SZ | BHV1: 300707.SZ | BHW1: 300706.SZ | BHX1: 300705.SZ | BHY1: 300703.SZ | BHZ1: 300702.SZ | BIA1: 300701.SZ | BIB1: 300700.SZ | BIC1: 300699.SZ | BID1: 300698.SZ | BIE1: 300697.SZ | BIF1: 300696.SZ | BIG1: 300695.SZ | BIH1: 300694.SZ | BII1: 300693.SZ | BIJ1: 300692.SZ | BIK1: 300691.SZ | BIL1: 300690.SZ | BIM1: 300689.SZ | BIN1: 300688.SZ | BIO1: 300687.SZ | BIP1: 300686.SZ | BIQ1: 300685.SZ | BIR1: 300684.SZ | BIS1: 300683.SZ | BIT1: 300682.SZ | BIU1: 300681.SZ | BIV1: 300680.SZ | BIW1: 300679.SZ | BIX1: 300678.SZ | BIY1: 300677.SZ | BIZ1: 300676.SZ | BJA1: 300675.SZ | BJB1: 300674.SZ | BJC1: 300673.SZ | BJD1: 300672.SZ | BJE1: 300671.SZ | BJF1: 300670.SZ | BJG1: 300669.SZ | BJH1: 300668.SZ | BJI1: 300667.SZ | BJJ1: 300666.SZ | BJK1: 300665.SZ | BJL1: 300664.SZ | BJM1: 300663.SZ | BJN1: 300662.SZ | BJO1: 300661.SZ | BJP1: 300660.SZ | BJQ1: 300659.SZ | BJR1: 300658.SZ | BJS1: 300657.SZ | BJT1: 300656.SZ | BJU1: 300655.SZ | BJV1: 300654.SZ | BJW1: 300653.SZ | BJX1: 300652.SZ | BJY1: 300651.SZ | BJZ1: 300650.SZ | BKA1: 300649.SZ | BKB1: 300648.SZ | BKC1: 300647.SZ | BKD1: 300645.SZ | BKE1: 300644.SZ | BKF1: 300643.SZ | BKG1: 300642.SZ | BKH1: 300641.SZ | BKI1: 300640.SZ | BKJ1: 300639.SZ | BKK1: 300638.SZ | BKL1: 300637.SZ | BKM1: 300636.SZ | BKN1: 300635.SZ | BKO1: 300634.SZ | BKP1: 300633.SZ | BKQ1: 300632.SZ | BKR1: 300631.SZ | BKS1: 300629.SZ | BKT1: 300628.SZ | BKU1: 300627.SZ | BKV1: 300626.SZ | BKW1: 300625.SZ | BKX1: 300624.SZ | BKY1: 300623.SZ | BKZ1: 300622.SZ | BLA1: 300621.SZ | BLB1: 300620.SZ | BLC1: 300619.SZ | BLD1: 300618.SZ | BLE1: 300617.SZ | BLF1: 300616.SZ | BLG1: 300615.SZ | BLH1: 300613.SZ | BLI1: 300612.SZ | BLJ1: 300611.SZ | BLK1: 300610.SZ | BLL1: 300609.SZ | BLM1: 300608.SZ | BLN1: 300607.SZ | BLO1: 300606.SZ | BLP1: 300605.SZ | BLQ1: 300604.SZ | BLR1: 300603.SZ | BLS1: 300602.SZ | BLT1: 300601.SZ | BLU1: 300600.SZ | BLV1: 300599.SZ | BLW1: 300598.SZ | BLX1: 300597.SZ | BLY1: 300596.SZ | BLZ1: 300595.SZ | BMA1: 300594.SZ | BMB1: 300593.SZ | BMC1: 300592.SZ | BMD1: 300591.SZ | BME1: 300590.SZ | BMF1: 300589.SZ | BMG1: 300588.SZ | BMH1: 300587.SZ | BMI1: 300586.SZ | BMJ1: 300585.SZ | BMK1: 300584.SZ | BML1: 300583.SZ | BMM1: 300582.SZ | BMN1: 300581.SZ | BMO1: 300580.SZ | BMP1: 300579.SZ | BMQ1: 300578.SZ | BMR1: 300577.SZ | BMS1: 300576.SZ | BMT1: 300575.SZ | BMU1: 300573.SZ | BMV1: 300572.SZ | BMW1: 300571.SZ | BMX1: 300570.SZ | BMY1: 300569.SZ | BMZ1: 300568.SZ | BNA1: 300567.SZ | BNB1: 300566.SZ | BNC1: 300565.SZ | BND1: 300564.SZ | BNE1: 300563.SZ | BNF1: 300562.SZ | BNG1: 300561.SZ | BNH1: 300560.SZ | BNI1: 300559.SZ | BNJ1: 300558.SZ | BNK1: 300557.SZ | BNL1: 300556.SZ | BNM1: 300555.SZ | BNN1: 300554.SZ | BNO1: 300553.SZ | BNP1: 300552.SZ | BNQ1: 300551.SZ | BNR1: 300550.SZ | BNS1: 300549.SZ | BNT1: 300548.SZ | BNU1: 300547.SZ | BNV1: 300546.SZ | BNW1: 300545.SZ | BNX1: 300543.SZ | BNY1: 300542.SZ | BNZ1: 300541.SZ | BOA1: 300540.SZ | BOB1: 300539.SZ | BOC1: 300538.SZ | BOD1: 300537.SZ | BOE1: 300536.SZ | BOF1: 300535.SZ | BOG1: 300534.SZ | BOH1: 300533.SZ | BOI1: 300532.SZ | BOJ1: 300531.SZ | BOK1: 300530.SZ | BOL1: 300529.SZ | BOM1: 300528.SZ | BON1: 300527.SZ | BOO1: 300525.SZ | BOP1: 300523.SZ | BOQ1: 300522.SZ | BOR1: 300521.SZ | BOS1: 300520.SZ | BOT1: 300519.SZ | BOU1: 300518.SZ | BOV1: 300517.SZ | BOW1: 300516.SZ | BOX1: 300515.SZ | BOY1: 300514.SZ | BOZ1: 300513.SZ | BPA1: 300512.SZ | BPB1: 300511.SZ | BPC1: 300510.SZ | BPD1: 300509.SZ | BPE1: 300508.SZ | BPF1: 300507.SZ | BPG1: 300506.SZ | BPH1: 300505.SZ | BPI1: 300504.SZ | BPJ1: 300503.SZ | BPK1: 300502.SZ | BPL1: 300501.SZ | BPM1: 300500.SZ | BPN1: 300499.SZ | BPO1: 300498.SZ | BPP1: 300497.SZ | BPQ1: 300496.SZ | BPR1: 300494.SZ | BPS1: 300493.SZ | BPT1: 300492.SZ | BPU1: 300491.SZ | BPV1: 300490.SZ | BPW1: 300489.SZ | BPX1: 300488.SZ | BPY1: 300487.SZ | BPZ1: 300486.SZ | BQA1: 300485.SZ | BQB1: 300484.SZ | BQC1: 300483.SZ | BQD1: 300482.SZ | BQE1: 300481.SZ | BQF1: 300480.SZ | BQG1: 300479.SZ | BQH1: 300478.SZ | BQI1: 300477.SZ | BQJ1: 300476.SZ | BQK1: 300475.SZ | BQL1: 300474.SZ | BQM1: 300473.SZ | BQN1: 300472.SZ | BQO1: 300471.SZ | BQP1: 300470.SZ | BQQ1: 300469.SZ | BQR1: 300468.SZ | BQS1: 300467.SZ | BQT1: 300466.SZ | BQU1: 300465.SZ | BQV1: 300464.SZ | BQW1: 300463.SZ | BQX1: 300462.SZ | BQY1: 300461.SZ | BQZ1: 300460.SZ | BRA1: 300459.SZ | BRB1: 300458.SZ | BRC1: 300457.SZ | BRD1: 300456.SZ | BRE1: 300455.SZ | BRF1: 300454.SZ | BRG1: 300453.SZ | BRH1: 300452.SZ | BRI1: 300451.SZ | BRJ1: 300450.SZ | BRK1: 300449.SZ | BRL1: 300448.SZ | BRM1: 300447.SZ | BRN1: 300446.SZ | BRO1: 300445.SZ | BRP1: 300444.SZ | BRQ1: 300443.SZ | BRR1: 300442.SZ | BRS1: 300441.SZ | BRT1: 300440.SZ | BRU1: 300439.SZ | BRV1: 300438.SZ | BRW1: 300437.SZ | BRX1: 300436.SZ | BRY1: 300435.SZ | BRZ1: 300434.SZ | BSA1: 300433.SZ | BSB1: 300432.SZ | BSC1: 300430.SZ | BSD1: 300429.SZ | BSE1: 300428.SZ | BSF1: 300427.SZ | BSG1: 300426.SZ | BSH1: 300425.SZ | BSI1: 300424.SZ | BSJ1: 300423.SZ | BSK1: 300422.SZ | BSL1: 300421.SZ | BSM1: 300420.SZ | BSN1: 300419.SZ | BSO1: 300418.SZ | BSP1: 300417.SZ | BSQ1: 300416.SZ | BSR1: 300415.SZ | BSS1: 300414.SZ | BST1: 300413.SZ | BSU1: 300412.SZ | BSV1: 300411.SZ | BSW1: 300410.SZ | BSX1: 300409.SZ | BSY1: 300408.SZ | BSZ1: 300407.SZ | BTA1: 300406.SZ | BTB1: 300405.SZ | BTC1: 300404.SZ | BTD1: 300403.SZ | BTE1: 300402.SZ | BTF1: 300401.SZ | BTG1: 300400.SZ | BTH1: 300399.SZ | BTI1: 300398.SZ | BTJ1: 300397.SZ | BTK1: 300396.SZ | BTL1: 300395.SZ | BTM1: 300394.SZ | BTN1: 300393.SZ | BTO1: 300391.SZ | BTP1: 300390.SZ | BTQ1: 300389.SZ | BTR1: 300388.SZ | BTS1: 300387.SZ | BTT1: 300386.SZ | BTU1: 300385.SZ | BTV1: 300384.SZ | BTW1: 300383.SZ | BTX1: 300382.SZ | BTY1: 300381.SZ | BTZ1: 300380.SZ | BUA1: 300379.SZ | BUB1: 300378.SZ | BUC1: 300377.SZ | BUD1: 300376.SZ | BUE1: 300375.SZ | BUF1: 300374.SZ | BUG1: 300373.SZ | BUH1: 300371.SZ | BUI1: 300370.SZ | BUJ1: 300369.SZ | BUK1: 300368.SZ | BUL1: 300366.SZ | BUM1: 300365.SZ | BUN1: 300364.SZ | BUO1: 300363.SZ | BUP1: 300360.SZ | BUQ1: 300359.SZ | BUR1: 300358.SZ | BUS1: 300357.SZ | BUT1: 300355.SZ | BUU1: 300354.SZ | BUV1: 300353.SZ | BUW1: 300352.SZ | BUX1: 300351.SZ | BUY1: 300350.SZ | BUZ1: 300349.SZ | BVA1: 300348.SZ | BVB1: 300347.SZ | BVC1: 300346.SZ | BVD1: 300345.SZ | BVE1: 300344.SZ | BVF1: 300343.SZ | BVG1: 300342.SZ | BVH1: 300341.SZ | BVI1: 300340.SZ | BVJ1: 300339.SZ | BVK1: 300338.SZ | BVL1: 300337.SZ | BVM1: 300335.SZ | BVN1: 300334.SZ | BVO1: 300333.SZ | BVP1: 300332.SZ | BVQ1: 300331.SZ | BVR1: 300329.SZ | BVS1: 300328.SZ | BVT1: 300327.SZ | BVU1: 300326.SZ | BVV1: 300324.SZ | BVW1: 300323.SZ | BVX1: 300322.SZ | BVY1: 300321.SZ | BVZ1: 300320.SZ | BWA1: 300319.SZ | BWB1: 300318.SZ | BWC1: 300317.SZ | BWD1: 300316.SZ | BWE1: 300315.SZ | BWF1: 300314.SZ | BWG1: 300313.SZ | BWH1: 300311.SZ | BWI1: 300310.SZ | BWJ1: 300308.SZ | BWK1: 300307.SZ | BWL1: 300306.SZ | BWM1: 300305.SZ | BWN1: 300304.SZ | BWO1: 300303.SZ | BWP1: 300302.SZ | BWQ1: 300301.SZ | BWR1: 300300.SZ | BWS1: 300299.SZ | BWT1: 300298.SZ | BWU1: 300296.SZ | BWV1: 300295.SZ | BWW1: 300294.SZ | BWX1: 300293.SZ | BWY1: 300292.SZ | BWZ1: 300291.SZ | BXA1: 300290.SZ | BXB1: 300289.SZ | BXC1: 300288.SZ | BXD1: 300287.SZ | BXE1: 300286.SZ | BXF1: 300285.SZ | BXG1: 300284.SZ | BXH1: 300283.SZ | BXI1: 300281.SZ | BXJ1: 300279.SZ | BXK1: 300278.SZ | BXL1: 300277.SZ | BXM1: 300276.SZ | BXN1: 300275.SZ | BXO1: 300274.SZ | BXP1: 300272.SZ | BXQ1: 300271.SZ | BXR1: 300270.SZ | BXS1: 300269.SZ | BXT1: 300268.SZ | BXU1: 300267.SZ | BXV1: 300266.SZ | BXW1: 300265.SZ | BXX1: 300264.SZ | BXY1: 300263.SZ | BXZ1: 300261.SZ | BYA1: 300260.SZ | BYB1: 300259.SZ | BYC1: 300258.SZ | BYD1: 300257.SZ | BYE1: 300256.SZ | BYF1: 300255.SZ | BYG1: 300254.SZ | BYH1: 300253.SZ | BYI1: 300252.SZ | BYJ1: 300251.SZ | BYK1: 300250.SZ | BYL1: 300249.SZ | BYM1: 300248.SZ | BYN1: 300247.SZ | BYO1: 300246.SZ | BYP1: 300245.SZ | BYQ1: 300244.SZ | BYR1: 300243.SZ | BYS1: 300242.SZ | BYT1: 300241.SZ | BYU1: 300240.SZ | BYV1: 300239.SZ | BYW1: 300238.SZ | BYX1: 300237.SZ | BYY1: 300236.SZ | BYZ1: 300235.SZ | BZA1: 300234.SZ | BZB1: 300233.SZ | BZC1: 300232.SZ | BZD1: 300231.SZ | BZE1: 300230.SZ | BZF1: 300229.SZ | BZG1: 300228.SZ | BZH1: 300227.SZ | BZI1: 300226.SZ | BZJ1: 300225.SZ | BZK1: 300224.SZ | BZL1: 300223.SZ | BZM1: 300222.SZ | BZN1: 300221.SZ | BZO1: 300220.SZ | BZP1: 300219.SZ | BZQ1: 300218.SZ | BZR1: 300217.SZ | BZS1: 300215.SZ | BZT1: 300214.SZ | BZU1: 300213.SZ | BZV1: 300212.SZ | BZW1: 300211.SZ | BZX1: 300210.SZ | BZY1: 300209.SZ | BZZ1: 300207.SZ | CAA1: 300206.SZ | CAB1: 300205.SZ | CAC1: 300204.SZ | CAD1: 300203.SZ | CAE1: 300201.SZ | CAF1: 300200.SZ | CAG1: 300199.SZ | CAH1: 300198.SZ | CAI1: 300197.SZ | CAJ1: 300196.SZ | CAK1: 300195.SZ | CAL1: 300194.SZ | CAM1: 300193.SZ | CAN1: 300192.SZ | CAO1: 300191.SZ | CAP1: 300190.SZ | CAQ1: 300189.SZ | CAR1: 300188.SZ | CAS1: 300187.SZ | CAT1: 300185.SZ | CAU1: 300184.SZ | CAV1: 300183.SZ | CAW1: 300182.SZ | CAX1: 300181.SZ | CAY1: 300180.SZ | CAZ1: 300179.SZ | CBA1: 300177.SZ | CBB1: 300176.SZ | CBC1: 300175.SZ | CBD1: 300174.SZ | CBE1: 300173.SZ | CBF1: 300172.SZ | CBG1: 300171.SZ | CBH1: 300170.SZ | CBI1: 300169.SZ | CBJ1: 300168.SZ | CBK1: 300167.SZ | CBL1: 300166.SZ | CBM1: 300165.SZ | CBN1: 300164.SZ | CBO1: 300163.SZ | CBP1: 300162.SZ | CBQ1: 300161.SZ | CBR1: 300160.SZ | CBS1: 300159.SZ | CBT1: 300158.SZ | CBU1: 300157.SZ | CBV1: 300155.SZ | CBW1: 300154.SZ | CBX1: 300153.SZ | CBY1: 300152.SZ | CBZ1: 300151.SZ | CCA1: 300150.SZ | CCB1: 300149.SZ | CCC1: 300148.SZ | CCD1: 300147.SZ | CCE1: 300146.SZ | CCF1: 300145.SZ | CCG1: 300144.SZ | CCH1: 300143.SZ | CCI1: 300142.SZ | CCJ1: 300141.SZ | CCK1: 300140.SZ | CCL1: 300139.SZ | CCM1: 300138.SZ | CCN1: 300137.SZ | CCO1: 300136.SZ | CCP1: 300135.SZ | CCQ1: 300134.SZ | CCR1: 300133.SZ | CCS1: 300132.SZ | CCT1: 300131.SZ | CCU1: 300130.SZ | CCV1: 300129.SZ | CCW1: 300128.SZ | CCX1: 300127.SZ | CCY1: 300126.SZ | CCZ1: 300125.SZ | CDA1: 300124.SZ | CDB1: 300123.SZ | CDC1: 300122.SZ | CDD1: 300121.SZ | CDE1: 300120.SZ | CDF1: 300119.SZ | CDG1: 300118.SZ | CDH1: 300115.SZ | CDI1: 300113.SZ | CDJ1: 300112.SZ | CDK1: 300111.SZ | CDL1: 300110.SZ | CDM1: 300109.SZ | CDN1: 300107.SZ | CDO1: 300106.SZ | CDP1: 300105.SZ | CDQ1: 300103.SZ | CDR1: 300102.SZ | CDS1: 300101.SZ | CDT1: 300100.SZ | CDU1: 300099.SZ | CDV1: 300098.SZ | CDW1: 300097.SZ | CDX1: 300096.SZ | CDY1: 300095.SZ | CDZ1: 300094.SZ | CEA1: 300093.SZ | CEB1: 300092.SZ | CEC1: 300091.SZ | CED1: 300088.SZ | CEE1: 300087.SZ | CEF1: 300086.SZ | CEG1: 300085.SZ | CEH1: 300084.SZ | CEI1: 300083.SZ | CEJ1: 300082.SZ | CEK1: 300081.SZ | CEL1: 300080.SZ | CEM1: 300079.SZ | CEN1: 300078.SZ | CEO1: 300077.SZ | CEP1: 300076.SZ | CEQ1: 300075.SZ | CER1: 300074.SZ | CES1: 300073.SZ | CET1: 300072.SZ | CEU1: 300071.SZ | CEV1: 300070.SZ | CEW1: 300069.SZ | CEX1: 300068.SZ | CEY1: 300067.SZ | CEZ1: 300066.SZ | CFA1: 300065.SZ | CFB1: 300063.SZ | CFC1: 300062.SZ | CFD1: 300061.SZ | CFE1: 300059.SZ | CFF1: 300058.SZ | CFG1: 300057.SZ | CFH1: 300056.SZ | CFI1: 300055.SZ | CFJ1: 300054.SZ | CFK1: 300053.SZ | CFL1: 300052.SZ | CFM1: 300051.SZ | CFN1: 300050.SZ | CFO1: 300049.SZ | CFP1: 300048.SZ | CFQ1: 300047.SZ | CFR1: 300046.SZ | CFS1: 300045.SZ | CFT1: 300044.SZ | CFU1: 300043.SZ | CFV1: 300042.SZ | CFW1: 300041.SZ | CFX1: 300040.SZ | CFY1: 300039.SZ | CFZ1: 300037.SZ | CGA1: 300036.SZ | CGB1: 300035.SZ | CGC1: 300034.SZ | CGD1: 300033.SZ | CGE1: 300032.SZ | CGF1: 300031.SZ | CGG1: 300030.SZ | CGH1: 300029.SZ | CGI1: 300027.SZ | CGJ1: 300026.SZ | CGK1: 300025.SZ | CGL1: 300024.SZ | CGM1: 300022.SZ | CGN1: 300021.SZ | CGO1: 300020.SZ | CGP1: 300019.SZ | CGQ1: 300018.SZ | CGR1: 300017.SZ | CGS1: 300016.SZ | CGT1: 300015.SZ | CGU1: 300014.SZ | CGV1: 300013.SZ | CGW1: 300012.SZ | CGX1: 300011.SZ | CGY1: 300010.SZ | CGZ1: 300009.SZ | CHA1: 300008.SZ | CHB1: 300007.SZ | CHC1: 300006.SZ | CHD1: 300005.SZ | CHE1: 300004.SZ | CHF1: 300003.SZ | CHG1: 300002.SZ | CHH1: 300001.SZ | CHI1: 003816.SZ | CHJ1: 002973.SZ | CHK1: 002972.SZ | CHL1: 002970.SZ | CHM1: 002969.SZ | CHN1: 002968.SZ | CHO1: 002967.SZ | CHP1: 002966.SZ | CHQ1: 002965.SZ | CHR1: 002963.SZ | CHS1: 002962.SZ | CHT1: 002961.SZ | CHU1: 002960.SZ | CHV1: 002959.SZ | CHW1: 002958.SZ | CHX1: 002957.SZ | CHY1: 002956.SZ | CHZ1: 002955.SZ | CIA1: 002953.SZ | CIB1: 002952.SZ | CIC1: 002951.SZ | CID1: 002950.SZ | CIE1: 002949.SZ | CIF1: 002948.SZ | CIG1: 002947.SZ | CIH1: 002946.SZ | CII1: 002945.SZ | CIJ1: 002943.SZ | CIK1: 002942.SZ | CIL1: 002941.SZ | CIM1: 002940.SZ | CIN1: 002939.SZ | CIO1: 002938.SZ | CIP1: 002937.SZ | CIQ1: 002936.SZ | CIR1: 002935.SZ | CIS1: 002933.SZ | CIT1: 002932.SZ | CIU1: 002931.SZ | CIV1: 002930.SZ | CIW1: 002929.SZ | CIX1: 002928.SZ | CIY1: 002927.SZ | CIZ1: 002926.SZ | CJA1: 002925.SZ | CJB1: 002923.SZ | CJC1: 002922.SZ | CJD1: 002921.SZ | CJE1: 002920.SZ | CJF1: 002919.SZ | CJG1: 002918.SZ | CJH1: 002917.SZ | CJI1: 002916.SZ | CJJ1: 002915.SZ | CJK1: 002913.SZ | CJL1: 002912.SZ | CJM1: 002911.SZ | CJN1: 002910.SZ | CJO1: 002909.SZ | CJP1: 002908.SZ | CJQ1: 002907.SZ | CJR1: 002906.SZ | CJS1: 002905.SZ | CJT1: 002903.SZ | CJU1: 002902.SZ | CJV1: 002901.SZ | CJW1: 002900.SZ | CJX1: 002899.SZ | CJY1: 002898.SZ | CJZ1: 002897.SZ | CKA1: 002896.SZ | CKB1: 002895.SZ | CKC1: 002893.SZ | CKD1: 002892.SZ | CKE1: 002891.SZ | CKF1: 002890.SZ | CKG1: 002889.SZ | CKH1: 002888.SZ | CKI1: 002887.SZ | CKJ1: 002886.SZ | CKK1: 002885.SZ | CKL1: 002884.SZ | CKM1: 002883.SZ | CKN1: 002882.SZ | CKO1: 002881.SZ | CKP1: 002880.SZ | CKQ1: 002879.SZ | CKR1: 002878.SZ | CKS1: 002877.SZ | CKT1: 002876.SZ | CKU1: 002875.SZ | CKV1: 002873.SZ | CKW1: 002872.SZ | CKX1: 002871.SZ | CKY1: 002870.SZ | CKZ1: 002869.SZ | CLA1: 002868.SZ | CLB1: 002867.SZ | CLC1: 002866.SZ | CLD1: 002865.SZ | CLE1: 002864.SZ | CLF1: 002863.SZ | CLG1: 002862.SZ | CLH1: 002861.SZ | CLI1: 002860.SZ | CLJ1: 002859.SZ | CLK1: 002858.SZ | CLL1: 002857.SZ | CLM1: 002856.SZ | CLN1: 002855.SZ | CLO1: 002853.SZ | CLP1: 002852.SZ | CLQ1: 002851.SZ | CLR1: 002850.SZ | CLS1: 002849.SZ | CLT1: 002848.SZ | CLU1: 002847.SZ | CLV1: 002846.SZ | CLW1: 002845.SZ | CLX1: 002843.SZ | CLY1: 002842.SZ | CLZ1: 002841.SZ | CMA1: 002840.SZ | CMB1: 002839.SZ | CMC1: 002838.SZ | CMD1: 002837.SZ | CME1: 002836.SZ | CMF1: 002835.SZ | CMG1: 002833.SZ | CMH1: 002832.SZ | CMI1: 002831.SZ | CMJ1: 002830.SZ | CMK1: 002829.SZ | CML1: 002828.SZ | CMM1: 002827.SZ | CMN1: 002826.SZ | CMO1: 002825.SZ | CMP1: 002824.SZ | CMQ1: 002823.SZ | CMR1: 002822.SZ | CMS1: 002821.SZ | CMT1: 002820.SZ | CMU1: 002819.SZ | CMV1: 002818.SZ | CMW1: 002817.SZ | CMX1: 002816.SZ | CMY1: 002815.SZ | CMZ1: 002813.SZ | CNA1: 002812.SZ | CNB1: 002811.SZ | CNC1: 002810.SZ | CND1: 002809.SZ | CNE1: 002808.SZ | CNF1: 002807.SZ | CNG1: 002806.SZ | CNH1: 002805.SZ | CNI1: 002803.SZ | CNJ1: 002802.SZ | CNK1: 002801.SZ | CNL1: 002800.SZ | CNM1: 002799.SZ | CNN1: 002798.SZ | CNO1: 002797.SZ | CNP1: 002796.SZ | CNQ1: 002795.SZ | CNR1: 002793.SZ | CNS1: 002792.SZ | CNT1: 002791.SZ | CNU1: 002790.SZ | CNV1: 002789.SZ | CNW1: 002788.SZ | CNX1: 002787.SZ | CNY1: 002786.SZ | CNZ1: 002785.SZ | COA1: 002783.SZ | COB1: 002782.SZ | COC1: 002780.SZ | COD1: 002779.SZ | COE1: 002778.SZ | COF1: 002777.SZ | COG1: 002775.SZ | COH1: 002774.SZ | COI1: 002773.SZ | COJ1: 002772.SZ | COK1: 002771.SZ | COL1: 002769.SZ | COM1: 002768.SZ | CON1: 002767.SZ | COO1: 002766.SZ | COP1: 002765.SZ | COQ1: 002763.SZ | COR1: 002762.SZ | COS1: 002761.SZ | COT1: 002760.SZ | COU1: 002759.SZ | COV1: 002758.SZ | COW1: 002757.SZ | COX1: 002756.SZ | COY1: 002755.SZ | COZ1: 002753.SZ | CPA1: 002752.SZ | CPB1: 002749.SZ | CPC1: 002748.SZ | CPD1: 002747.SZ | CPE1: 002746.SZ | CPF1: 002745.SZ | CPG1: 002743.SZ | CPH1: 002742.SZ | CPI1: 002741.SZ | CPJ1: 002739.SZ | CPK1: 002738.SZ | CPL1: 002737.SZ | CPM1: 002736.SZ | CPN1: 002735.SZ | CPO1: 002734.SZ | CPP1: 002733.SZ | CPQ1: 002732.SZ | CPR1: 002731.SZ | CPS1: 002730.SZ | CPT1: 002729.SZ | CPU1: 002728.SZ | CPV1: 002727.SZ | CPW1: 002726.SZ | CPX1: 002725.SZ | CPY1: 002724.SZ | CPZ1: 002723.SZ | CQA1: 002722.SZ | CQB1: 002721.SZ | CQC1: 002719.SZ | CQD1: 002718.SZ | CQE1: 002717.SZ | CQF1: 002716.SZ | CQG1: 002715.SZ | CQH1: 002714.SZ | CQI1: 002713.SZ | CQJ1: 002712.SZ | CQK1: 002709.SZ | CQL1: 002708.SZ | CQM1: 002707.SZ | CQN1: 002706.SZ | CQO1: 002705.SZ | CQP1: 002703.SZ | CQQ1: 002702.SZ | CQR1: 002701.SZ | CQS1: 002700.SZ | CQT1: 002698.SZ | CQU1: 002697.SZ | CQV1: 002696.SZ | CQW1: 002695.SZ | CQX1: 002694.SZ | CQY1: 002693.SZ | CQZ1: 002692.SZ | CRA1: 002691.SZ | CRB1: 002690.SZ | CRC1: 002689.SZ | CRD1: 002688.SZ | CRE1: 002687.SZ | CRF1: 002686.SZ | CRG1: 002685.SZ | CRH1: 002683.SZ | CRI1: 002682.SZ | CRJ1: 002681.SZ | CRK1: 002679.SZ | CRL1: 002678.SZ | CRM1: 002677.SZ | CRN1: 002676.SZ | CRO1: 002675.SZ | CRP1: 002674.SZ | CRQ1: 002673.SZ | CRR1: 002672.SZ | CRS1: 002671.SZ | CRT1: 002670.SZ | CRU1: 002669.SZ | CRV1: 002668.SZ | CRW1: 002667.SZ | CRX1: 002666.SZ | CRY1: 002664.SZ | CRZ1: 002663.SZ | CSA1: 002662.SZ | CSB1: 002661.SZ | CSC1: 002660.SZ | CSD1: 002659.SZ | CSE1: 002658.SZ | CSF1: 002657.SZ | CSG1: 002656.SZ | CSH1: 002655.SZ | CSI1: 002654.SZ | CSJ1: 002653.SZ | CSK1: 002652.SZ | CSL1: 002651.SZ | CSM1: 002650.SZ | CSN1: 002649.SZ | CSO1: 002648.SZ | CSP1: 002647.SZ | CSQ1: 002646.SZ | CSR1: 002645.SZ | CSS1: 002644.SZ | CST1: 002643.SZ | CSU1: 002642.SZ | CSV1: 002641.SZ | CSW1: 002640.SZ | CSX1: 002639.SZ | CSY1: 002638.SZ | CSZ1: 002637.SZ | CTA1: 002636.SZ | CTB1: 002635.SZ | CTC1: 002634.SZ | CTD1: 002633.SZ | CTE1: 002632.SZ | CTF1: 002631.SZ | CTG1: 002630.SZ | CTH1: 002629.SZ | CTI1: 002628.SZ | CTJ1: 002627.SZ | CTK1: 002626.SZ | CTL1: 002625.SZ | CTM1: 002624.SZ | CTN1: 002623.SZ | CTO1: 002622.SZ | CTP1: 002620.SZ | CTQ1: 002617.SZ | CTR1: 002616.SZ | CTS1: 002615.SZ | CTT1: 002614.SZ | CTU1: 002613.SZ | CTV1: 002612.SZ | CTW1: 002611.SZ | CTX1: 002609.SZ | CTY1: 002608.SZ | CTZ1: 002607.SZ | CUA1: 002606.SZ | CUB1: 002605.SZ | CUC1: 002603.SZ | CUD1: 002602.SZ | CUE1: 002601.SZ | CUF1: 002600.SZ | CUG1: 002599.SZ | CUH1: 002598.SZ | CUI1: 002597.SZ | CUJ1: 002596.SZ | CUK1: 002595.SZ | CUL1: 002594.SZ | CUM1: 002593.SZ | CUN1: 002592.SZ | CUO1: 002591.SZ | CUP1: 002590.SZ | CUQ1: 002589.SZ | CUR1: 002588.SZ | CUS1: 002587.SZ | CUT1: 002586.SZ | CUU1: 002585.SZ | CUV1: 002584.SZ | CUW1: 002583.SZ | CUX1: 002582.SZ | CUY1: 002581.SZ | CUZ1: 002580.SZ | CVA1: 002579.SZ | CVB1: 002578.SZ | CVC1: 002577.SZ | CVD1: 002576.SZ | CVE1: 002575.SZ | CVF1: 002574.SZ | CVG1: 002573.SZ | CVH1: 002572.SZ | CVI1: 002571.SZ | CVJ1: 002570.SZ | CVK1: 002569.SZ | CVL1: 002568.SZ | CVM1: 002567.SZ | CVN1: 002566.SZ | CVO1: 002565.SZ | CVP1: 002564.SZ | CVQ1: 002563.SZ | CVR1: 002562.SZ | CVS1: 002561.SZ | CVT1: 002560.SZ | CVU1: 002559.SZ | CVV1: 002558.SZ | CVW1: 002557.SZ | CVX1: 002556.SZ | CVY1: 002555.SZ | CVZ1: 002554.SZ | CWA1: 002553.SZ | CWB1: 002552.SZ | CWC1: 002551.SZ | CWD1: 002550.SZ | CWE1: 002549.SZ | CWF1: 002548.SZ | CWG1: 002547.SZ | CWH1: 002546.SZ | CWI1: 002545.SZ | CWJ1: 002544.SZ | CWK1: 002543.SZ | CWL1: 002542.SZ | CWM1: 002541.SZ | CWN1: 002540.SZ | CWO1: 002539.SZ | CWP1: 002538.SZ | CWQ1: 002537.SZ | CWR1: 002536.SZ | CWS1: 002535.SZ | CWT1: 002534.SZ | CWU1: 002533.SZ | CWV1: 002532.SZ | CWW1: 002531.SZ | CWX1: 002530.SZ | CWY1: 002529.SZ | CWZ1: 002528.SZ | CXA1: 002527.SZ | CXB1: 002526.SZ | CXC1: 002524.SZ | CXD1: 002523.SZ | CXE1: 002522.SZ | CXF1: 002521.SZ | CXG1: 002520.SZ | CXH1: 002519.SZ | CXI1: 002518.SZ | CXJ1: 002517.SZ | CXK1: 002516.SZ | CXL1: 002515.SZ | CXM1: 002514.SZ | CXN1: 002513.SZ | CXO1: 002512.SZ | CXP1: 002511.SZ | CXQ1: 002510.SZ | CXR1: 002508.SZ | CXS1: 002507.SZ | CXT1: 002506.SZ | CXU1: 002501.SZ | CXV1: 002500.SZ | CXW1: 002498.SZ | CXX1: 002497.SZ | CXY1: 002496.SZ | CXZ1: 002495.SZ | CYA1: 002494.SZ | CYB1: 002493.SZ | CYC1: 002492.SZ | CYD1: 002491.SZ | CYE1: 002490.SZ | CYF1: 002489.SZ | CYG1: 002488.SZ | CYH1: 002487.SZ | CYI1: 002486.SZ | CYJ1: 002485.SZ | CYK1: 002484.SZ | CYL1: 002483.SZ | CYM1: 002482.SZ | CYN1: 002481.SZ | CYO1: 002480.SZ | CYP1: 002479.SZ | CYQ1: 002478.SZ | CYR1: 002476.SZ | CYS1: 002475.SZ | CYT1: 002474.SZ | CYU1: 002472.SZ | CYV1: 002471.SZ | CYW1: 002470.SZ | CYX1: 002469.SZ | CYY1: 002468.SZ | CYZ1: 002467.SZ | CZA1: 002466.SZ | CZB1: 002465.SZ | CZC1: 002463.SZ | CZD1: 002462.SZ | CZE1: 002461.SZ | CZF1: 002460.SZ | CZG1: 002459.SZ | CZH1: 002458.SZ | CZI1: 002457.SZ | CZJ1: 002456.SZ | CZK1: 002455.SZ | CZL1: 002454.SZ | CZM1: 002453.SZ | CZN1: 002452.SZ | CZO1: 002451.SZ | CZP1: 002449.SZ | CZQ1: 002448.SZ | CZR1: 002446.SZ | CZS1: 002445.SZ | CZT1: 002444.SZ | CZU1: 002443.SZ | CZV1: 002442.SZ | CZW1: 002441.SZ | CZX1: 002440.SZ | CZY1: 002439.SZ | CZZ1: 002438.SZ | DAA1: 002437.SZ | DAB1: 002436.SZ | DAC1: 002434.SZ | DAD1: 002432.SZ | DAE1: 002431.SZ | DAF1: 002430.SZ | DAG1: 002429.SZ | DAH1: 002428.SZ | DAI1: 002427.SZ | DAJ1: 002426.SZ | DAK1: 002425.SZ | DAL1: 002424.SZ | DAM1: 002423.SZ | DAN1: 002422.SZ | DAO1: 002421.SZ | DAP1: 002420.SZ | DAQ1: 002419.SZ | DAR1: 002418.SZ | DAS1: 002416.SZ | DAT1: 002415.SZ | DAU1: 002414.SZ | DAV1: 002413.SZ | DAW1: 002412.SZ | DAX1: 002410.SZ | DAY1: 002409.SZ | DAZ1: 002408.SZ | DBA1: 002407.SZ | DBB1: 002406.SZ | DBC1: 002405.SZ | DBD1: 002404.SZ | DBE1: 002403.SZ | DBF1: 002402.SZ | DBG1: 002401.SZ | DBH1: 002400.SZ | DBI1: 002399.SZ | DBJ1: 002398.SZ | DBK1: 002397.SZ | DBL1: 002396.SZ | DBM1: 002395.SZ | DBN1: 002394.SZ | DBO1: 002393.SZ | DBP1: 002392.SZ | DBQ1: 002391.SZ | DBR1: 002390.SZ | DBS1: 002389.SZ | DBT1: 002388.SZ | DBU1: 002387.SZ | DBV1: 002386.SZ | DBW1: 002385.SZ | DBX1: 002384.SZ | DBY1: 002383.SZ | DBZ1: 002382.SZ | DCA1: 002381.SZ | DCB1: 002380.SZ | DCC1: 002379.SZ | DCD1: 002378.SZ | DCE1: 002377.SZ | DCF1: 002376.SZ | DCG1: 002375.SZ | DCH1: 002374.SZ | DCI1: 002373.SZ | DCJ1: 002372.SZ | DCK1: 002371.SZ | DCL1: 002370.SZ | DCM1: 002369.SZ | DCN1: 002368.SZ | DCO1: 002367.SZ | DCP1: 002366.SZ | DCQ1: 002365.SZ | DCR1: 002364.SZ | DCS1: 002363.SZ | DCT1: 002362.SZ | DCU1: 002361.SZ | DCV1: 002360.SZ | DCW1: 002358.SZ | DCX1: 002357.SZ | DCY1: 002356.SZ | DCZ1: 002355.SZ | DDA1: 002354.SZ | DDB1: 002353.SZ | DDC1: 002352.SZ | DDD1: 002351.SZ | DDE1: 002350.SZ | DDF1: 002349.SZ | DDG1: 002348.SZ | DDH1: 002347.SZ | DDI1: 002346.SZ | DDJ1: 002345.SZ | DDK1: 002344.SZ | DDL1: 002343.SZ | DDM1: 002342.SZ | DDN1: 002340.SZ | DDO1: 002339.SZ | DDP1: 002338.SZ | DDQ1: 002337.SZ | DDR1: 002335.SZ | DDS1: 002334.SZ | DDT1: 002333.SZ | DDU1: 002332.SZ | DDV1: 002331.SZ | DDW1: 002330.SZ | DDX1: 002329.SZ | DDY1: 002328.SZ | DDZ1: 002327.SZ | DEA1: 002326.SZ | DEB1: 002324.SZ | DEC1: 002323.SZ | DED1: 002322.SZ | DEE1: 002321.SZ | DEF1: 002320.SZ | DEG1: 002319.SZ | DEH1: 002318.SZ | DEI1: 002317.SZ | DEJ1: 002316.SZ | DEK1: 002315.SZ | DEL1: 002314.SZ | DEM1: 002313.SZ | DEN1: 002312.SZ | DEO1: 002311.SZ | DEP1: 002310.SZ | DEQ1: 002309.SZ | DER1: 002307.SZ | DES1: 002306.SZ | DET1: 002305.SZ | DEU1: 002304.SZ | DEV1: 002303.SZ | DEW1: 002302.SZ | DEX1: 002301.SZ | DEY1: 002300.SZ | DEZ1: 002299.SZ | DFA1: 002298.SZ | DFB1: 002297.SZ | DFC1: 002296.SZ | DFD1: 002295.SZ | DFE1: 002294.SZ | DFF1: 002293.SZ | DFG1: 002292.SZ | DFH1: 002291.SZ | DFI1: 002290.SZ | DFJ1: 002289.SZ | DFK1: 002287.SZ | DFL1: 002286.SZ | DFM1: 002285.SZ | DFN1: 002284.SZ | DFO1: 002283.SZ | DFP1: 002282.SZ | DFQ1: 002281.SZ | DFR1: 002279.SZ | DFS1: 002278.SZ | DFT1: 002277.SZ | DFU1: 002276.SZ | DFV1: 002275.SZ | DFW1: 002274.SZ | DFX1: 002273.SZ | DFY1: 002272.SZ | DFZ1: 002271.SZ | DGA1: 002270.SZ | DGB1: 002269.SZ | DGC1: 002268.SZ | DGD1: 002267.SZ | DGE1: 002266.SZ | DGF1: 002265.SZ | DGG1: 002264.SZ | DGH1: 002263.SZ | DGI1: 002262.SZ | DGJ1: 002261.SZ | DGK1: 002259.SZ | DGL1: 002258.SZ | DGM1: 002256.SZ | DGN1: 002255.SZ | DGO1: 002254.SZ | DGP1: 002253.SZ | DGQ1: 002252.SZ | DGR1: 002251.SZ | DGS1: 002250.SZ | DGT1: 002249.SZ | DGU1: 002248.SZ | DGV1: 002247.SZ | DGW1: 002246.SZ | DGX1: 002245.SZ | DGY1: 002244.SZ | DGZ1: 002243.SZ | DHA1: 002242.SZ | DHB1: 002241.SZ | DHC1: 002240.SZ | DHD1: 002239.SZ | DHE1: 002238.SZ | DHF1: 002237.SZ | DHG1: 002236.SZ | DHH1: 002235.SZ | DHI1: 002234.SZ | DHJ1: 002233.SZ | DHK1: 002232.SZ | DHL1: 002231.SZ | DHM1: 002230.SZ | DHN1: 002229.SZ | DHO1: 002228.SZ | DHP1: 002227.SZ | DHQ1: 002226.SZ | DHR1: 002225.SZ | DHS1: 002224.SZ | DHT1: 002223.SZ | DHU1: 002222.SZ | DHV1: 002221.SZ | DHW1: 002219.SZ | DHX1: 002218.SZ | DHY1: 002217.SZ | DHZ1: 002216.SZ | DIA1: 002215.SZ | DIB1: 002214.SZ | DIC1: 002213.SZ | DID1: 002212.SZ | DIE1: 002211.SZ | DIF1: 002210.SZ | DIG1: 002209.SZ | DIH1: 002208.SZ | DII1: 002207.SZ | DIJ1: 002206.SZ | DIK1: 002205.SZ | DIL1: 002204.SZ | DIM1: 002203.SZ | DIN1: 002202.SZ | DIO1: 002201.SZ | DIP1: 002200.SZ | DIQ1: 002199.SZ | DIR1: 002198.SZ | DIS1: 002197.SZ | DIT1: 002196.SZ | DIU1: 002195.SZ | DIV1: 002194.SZ | DIW1: 002193.SZ | DIX1: 002192.SZ | DIY1: 002191.SZ | DIZ1: 002190.SZ | DJA1: 002189.SZ | DJB1: 002188.SZ | DJC1: 002187.SZ | DJD1: 002186.SZ | DJE1: 002185.SZ | DJF1: 002184.SZ | DJG1: 002183.SZ | DJH1: 002182.SZ | DJI1: 002181.SZ | DJJ1: 002180.SZ | DJK1: 002179.SZ | DJL1: 002178.SZ | DJM1: 002177.SZ | DJN1: 002176.SZ | DJO1: 002175.SZ | DJP1: 002174.SZ | DJQ1: 002173.SZ | DJR1: 002172.SZ | DJS1: 002171.SZ | DJT1: 002170.SZ | DJU1: 002169.SZ | DJV1: 002168.SZ | DJW1: 002167.SZ | DJX1: 002166.SZ | DJY1: 002165.SZ | DJZ1: 002164.SZ | DKA1: 002163.SZ | DKB1: 002162.SZ | DKC1: 002161.SZ | DKD1: 002160.SZ | DKE1: 002159.SZ | DKF1: 002158.SZ | DKG1: 002157.SZ | DKH1: 002156.SZ | DKI1: 002155.SZ | DKJ1: 002154.SZ | DKK1: 002153.SZ | DKL1: 002152.SZ | DKM1: 002151.SZ | DKN1: 002150.SZ | DKO1: 002149.SZ | DKP1: 002148.SZ | DKQ1: 002146.SZ | DKR1: 002145.SZ | DKS1: 002144.SZ | DKT1: 002142.SZ | DKU1: 002141.SZ | DKV1: 002140.SZ | DKW1: 002139.SZ | DKX1: 002138.SZ | DKY1: 002137.SZ | DKZ1: 002136.SZ | DLA1: 002135.SZ | DLB1: 002134.SZ | DLC1: 002133.SZ | DLD1: 002132.SZ | DLE1: 002131.SZ | DLF1: 002130.SZ | DLG1: 002129.SZ | DLH1: 002128.SZ | DLI1: 002127.SZ | DLJ1: 002126.SZ | DLK1: 002125.SZ | DLL1: 002124.SZ | DLM1: 002123.SZ | DLN1: 002122.SZ | DLO1: 002121.SZ | DLP1: 002120.SZ | DLQ1: 002119.SZ | DLR1: 002117.SZ | DLS1: 002116.SZ | DLT1: 002115.SZ | DLU1: 002114.SZ | DLV1: 002112.SZ | DLW1: 002111.SZ | DLX1: 002110.SZ | DLY1: 002109.SZ | DLZ1: 002108.SZ | DMA1: 002107.SZ | DMB1: 002106.SZ | DMC1: 002105.SZ | DMD1: 002104.SZ | DME1: 002103.SZ | DMF1: 002102.SZ | DMG1: 002101.SZ | DMH1: 002100.SZ | DMI1: 002099.SZ | DMJ1: 002098.SZ | DMK1: 002097.SZ | DML1: 002096.SZ | DMM1: 002095.SZ | DMN1: 002094.SZ | DMO1: 002093.SZ | DMP1: 002092.SZ | DMQ1: 002091.SZ | DMR1: 002090.SZ | DMS1: 002088.SZ | DMT1: 002086.SZ | DMU1: 002085.SZ | DMV1: 002084.SZ | DMW1: 002083.SZ | DMX1: 002082.SZ | DMY1: 002081.SZ | DMZ1: 002080.SZ | DNA1: 002079.SZ | DNB1: 002078.SZ | DNC1: 002077.SZ | DND1: 002076.SZ | DNE1: 002075.SZ | DNF1: 002074.SZ | DNG1: 002073.SZ | DNH1: 002072.SZ | DNI1: 002069.SZ | DNJ1: 002068.SZ | DNK1: 002067.SZ | DNL1: 002066.SZ | DNM1: 002065.SZ | DNN1: 002064.SZ | DNO1: 002063.SZ | DNP1: 002062.SZ | DNQ1: 002061.SZ | DNR1: 002060.SZ | DNS1: 002059.SZ | DNT1: 002058.SZ | DNU1: 002057.SZ | DNV1: 002056.SZ | DNW1: 002055.SZ | DNX1: 002054.SZ | DNY1: 002053.SZ | DNZ1: 002052.SZ | DOA1: 002051.SZ | DOB1: 002050.SZ | DOC1: 002049.SZ | DOD1: 002048.SZ | DOE1: 002047.SZ | DOF1: 002046.SZ | DOG1: 002045.SZ | DOH1: 002044.SZ | DOI1: 002043.SZ | DOJ1: 002042.SZ | DOK1: 002041.SZ | DOL1: 002040.SZ | DOM1: 002039.SZ | DON1: 002038.SZ | DOO1: 002037.SZ | DOP1: 002036.SZ | DOQ1: 002035.SZ | DOR1: 002034.SZ | DOS1: 002033.SZ | DOT1: 002032.SZ | DOU1: 002031.SZ | DOV1: 002030.SZ | DOW1: 002029.SZ | DOX1: 002028.SZ | DOY1: 002027.SZ | DOZ1: 002026.SZ | DPA1: 002025.SZ | DPB1: 002024.SZ | DPC1: 002023.SZ | DPD1: 002022.SZ | DPE1: 002021.SZ | DPF1: 002020.SZ | DPG1: 002019.SZ | DPH1: 002017.SZ | DPI1: 002016.SZ | DPJ1: 002015.SZ | DPK1: 002014.SZ | DPL1: 002012.SZ | DPM1: 002011.SZ | DPN1: 002010.SZ | DPO1: 002009.SZ | DPP1: 002008.SZ | DPQ1: 002007.SZ | DPR1: 002006.SZ | DPS1: 002005.SZ | DPT1: 002004.SZ | DPU1: 002003.SZ | DPV1: 002001.SZ | DPW1: 001979.SZ | DPX1: 001965.SZ | DPY1: 001914.SZ | DPZ1: 001896.SZ | DQA1: 001872.SZ | DQB1: 001696.SZ | DQC1: 000999.SZ | DQD1: 000998.SZ | DQE1: 000997.SZ | DQF1: 000995.SZ | DQG1: 000993.SZ | DQH1: 000990.SZ | DQI1: 000989.SZ | DQJ1: 000988.SZ | DQK1: 000987.SZ | DQL1: 000985.SZ | DQM1: 000983.SZ | DQN1: 000981.SZ | DQO1: 000980.SZ | DQP1: 000978.SZ | DQQ1: 000977.SZ | DQR1: 000975.SZ | DQS1: 000973.SZ | DQT1: 000972.SZ | DQU1: 000970.SZ | DQV1: 000969.SZ | DQW1: 000968.SZ | DQX1: 000967.SZ | DQY1: 000966.SZ | DQZ1: 000965.SZ | DRA1: 000963.SZ | DRB1: 000962.SZ | DRC1: 000960.SZ | DRD1: 000959.SZ | DRE1: 000958.SZ | DRF1: 000957.SZ | DRG1: 000955.SZ | DRH1: 000953.SZ | DRI1: 000952.SZ | DRJ1: 000951.SZ | DRK1: 000950.SZ | DRL1: 000949.SZ | DRM1: 000948.SZ | DRN1: 000938.SZ | DRO1: 000937.SZ | DRP1: 000936.SZ | DRQ1: 000935.SZ | DRR1: 000933.SZ | DRS1: 000932.SZ | DRT1: 000931.SZ | DRU1: 000930.SZ | DRV1: 000929.SZ | DRW1: 000928.SZ | DRX1: 000927.SZ | DRY1: 000926.SZ | DRZ1: 000925.SZ | DSA1: 000923.SZ | DSB1: 000922.SZ | DSC1: 000921.SZ | DSD1: 000920.SZ | DSE1: 000919.SZ | DSF1: 000917.SZ | DSG1: 000915.SZ | DSH1: 000913.SZ | DSI1: 000912.SZ | DSJ1: 000911.SZ | DSK1: 000910.SZ | DSL1: 000909.SZ | DSM1: 000908.SZ | DSN1: 000906.SZ | DSO1: 000905.SZ | DSP1: 000903.SZ | DSQ1: 000902.SZ | DSR1: 000901.SZ | DSS1: 000900.SZ | DST1: 000899.SZ | DSU1: 000898.SZ | DSV1: 000897.SZ | DSW1: 000895.SZ | DSX1: 000893.SZ | DSY1: 000892.SZ | DSZ1: 000890.SZ | DTA1: 000889.SZ | DTB1: 000888.SZ | DTC1: 000887.SZ | DTD1: 000886.SZ | DTE1: 000885.SZ | DTF1: 000883.SZ | DTG1: 000882.SZ | DTH1: 000881.SZ | DTI1: 000880.SZ | DTJ1: 000878.SZ | DTK1: 000877.SZ | DTL1: 000876.SZ | DTM1: 000875.SZ | DTN1: 000869.SZ | DTO1: 000868.SZ | DTP1: 000863.SZ | DTQ1: 000862.SZ | DTR1: 000860.SZ | DTS1: 000859.SZ | DTT1: 000858.SZ | DTU1: 000856.SZ | DTV1: 000852.SZ | DTW1: 000850.SZ | DTX1: 000848.SZ | DTY1: 000839.SZ | DTZ1: 000838.SZ | DUA1: 000837.SZ | DUB1: 000833.SZ | DUC1: 000831.SZ | DUD1: 000830.SZ | DUE1: 000829.SZ | DUF1: 000828.SZ | DUG1: 000826.SZ | DUH1: 000825.SZ | DUI1: 000823.SZ | DUJ1: 000822.SZ | DUK1: 000821.SZ | DUL1: 000820.SZ | DUM1: 000819.SZ | DUN1: 000818.SZ | DUO1: 000816.SZ | DUP1: 000815.SZ | DUQ1: 000813.SZ | DUR1: 000812.SZ | DUS1: 000811.SZ | DUT1: 000810.SZ | DUU1: 000809.SZ | DUV1: 000807.SZ | DUW1: 000803.SZ | DUX1: 000802.SZ | DUY1: 000801.SZ | DUZ1: 000800.SZ | DVA1: 000799.SZ | DVB1: 000798.SZ | DVC1: 000797.SZ | DVD1: 000796.SZ | DVE1: 000795.SZ | DVF1: 000793.SZ | DVG1: 000792.SZ | DVH1: 000791.SZ | DVI1: 000790.SZ | DVJ1: 000789.SZ | DVK1: 000788.SZ | DVL1: 000786.SZ | DVM1: 000785.SZ | DVN1: 000783.SZ | DVO1: 000782.SZ | DVP1: 000779.SZ | DVQ1: 000778.SZ | DVR1: 000777.SZ | DVS1: 000776.SZ | DVT1: 000768.SZ | DVU1: 000767.SZ | DVV1: 000766.SZ | DVW1: 000762.SZ | DVX1: 000761.SZ | DVY1: 000759.SZ | DVZ1: 000758.SZ | DWA1: 000757.SZ | DWB1: 000756.SZ | DWC1: 000755.SZ | DWD1: 000753.SZ | DWE1: 000752.SZ | DWF1: 000751.SZ | DWG1: 000750.SZ | DWH1: 000739.SZ | DWI1: 000738.SZ | DWJ1: 000737.SZ | DWK1: 000736.SZ | DWL1: 000735.SZ | DWM1: 000733.SZ | DWN1: 000731.SZ | DWO1: 000729.SZ | DWP1: 000728.SZ | DWQ1: 000727.SZ | DWR1: 000726.SZ | DWS1: 000725.SZ | DWT1: 000723.SZ | DWU1: 000722.SZ | DWV1: 000721.SZ | DWW1: 000720.SZ | DWX1: 000719.SZ | DWY1: 000718.SZ | DWZ1: 000717.SZ | DXA1: 000716.SZ | DXB1: 000715.SZ | DXC1: 000713.SZ | DXD1: 000712.SZ | DXE1: 000711.SZ | DXF1: 000710.SZ | DXG1: 000709.SZ | DXH1: 000708.SZ | DXI1: 000707.SZ | DXJ1: 000705.SZ | DXK1: 000703.SZ | DXL1: 000702.SZ | DXM1: 000701.SZ | DXN1: 000700.SZ | DXO1: 000698.SZ | DXP1: 000697.SZ | DXQ1: 000695.SZ | DXR1: 000692.SZ | DXS1: 000691.SZ | DXT1: 000690.SZ | DXU1: 000688.SZ | DXV1: 000686.SZ | DXW1: 000685.SZ | DXX1: 000683.SZ | DXY1: 000682.SZ | DXZ1: 000681.SZ | DYA1: 000680.SZ | DYB1: 000679.SZ | DYC1: 000678.SZ | DYD1: 000677.SZ | DYE1: 000676.SZ | DYF1: 000672.SZ | DYG1: 000670.SZ | DYH1: 000669.SZ | DYI1: 000668.SZ | DYJ1: 000665.SZ | DYK1: 000663.SZ | DYL1: 000661.SZ | DYM1: 000659.SZ | DYN1: 000657.SZ | DYO1: 000656.SZ | DYP1: 000655.SZ | DYQ1: 000652.SZ | DYR1: 000651.SZ | DYS1: 000650.SZ | DYT1: 000639.SZ | DYU1: 000638.SZ | DYV1: 000637.SZ | DYW1: 000636.SZ | DYX1: 000635.SZ | DYY1: 000633.SZ | DYZ1: 000632.SZ | DZA1: 000631.SZ | DZB1: 000630.SZ | DZC1: 000629.SZ | DZD1: 000628.SZ | DZE1: 000626.SZ | DZF1: 000625.SZ | DZG1: 000623.SZ | DZH1: 000620.SZ | DZI1: 000619.SZ | DZJ1: 000617.SZ | DZK1: 000615.SZ | DZL1: 000612.SZ | DZM1: 000610.SZ | DZN1: 000609.SZ | DZO1: 000608.SZ | DZP1: 000607.SZ | DZQ1: 000605.SZ | DZR1: 000603.SZ | DZS1: 000601.SZ | DZT1: 000600.SZ | DZU1: 000599.SZ | DZV1: 000598.SZ | DZW1: 000597.SZ | DZX1: 000596.SZ | DZY1: 000595.SZ | DZZ1: 000593.SZ | EAA1: 000592.SZ | EAB1: 000591.SZ | EAC1: 000590.SZ | EAD1: 000589.SZ | EAE1: 000586.SZ | EAF1: 000582.SZ | EAG1: 000581.SZ | EAH1: 000576.SZ | EAI1: 000573.SZ | EAJ1: 000572.SZ | EAK1: 000571.SZ | EAL1: 000570.SZ | EAM1: 000568.SZ | EAN1: 000567.SZ | EAO1: 000566.SZ | EAP1: 000565.SZ | EAQ1: 000564.SZ | EAR1: 000563.SZ | EAS1: 000561.SZ | EAT1: 000560.SZ | EAU1: 000559.SZ | EAV1: 000558.SZ | EAW1: 000557.SZ | EAX1: 000555.SZ | EAY1: 000554.SZ | EAZ1: 000553.SZ | EBA1: 000552.SZ | EBB1: 000551.SZ | EBC1: 000550.SZ | EBD1: 000548.SZ | EBE1: 000547.SZ | EBF1: 000546.SZ | EBG1: 000545.SZ | EBH1: 000544.SZ | EBI1: 000543.SZ | EBJ1: 000541.SZ | EBK1: 000539.SZ | EBL1: 000538.SZ | EBM1: 000537.SZ | EBN1: 000536.SZ | EBO1: 000534.SZ | EBP1: 000533.SZ | EBQ1: 000532.SZ | EBR1: 000531.SZ | EBS1: 000530.SZ | EBT1: 000529.SZ | EBU1: 000528.SZ | EBV1: 000526.SZ | EBW1: 000525.SZ | EBX1: 000524.SZ | EBY1: 000523.SZ | EBZ1: 000521.SZ | ECA1: 000520.SZ | ECB1: 000519.SZ | ECC1: 000518.SZ | ECD1: 000517.SZ | ECE1: 000516.SZ | ECF1: 000514.SZ | ECG1: 000513.SZ | ECH1: 000510.SZ | ECI1: 000509.SZ | ECJ1: 000507.SZ | ECK1: 000506.SZ | ECL1: 000505.SZ | ECM1: 000504.SZ | ECN1: 000503.SZ | ECO1: 000501.SZ | ECP1: 000498.SZ | ECQ1: 000488.SZ | ECR1: 000430.SZ | ECS1: 000429.SZ | ECT1: 000428.SZ | ECU1: 000426.SZ | ECV1: 000425.SZ | ECW1: 000423.SZ | ECX1: 000422.SZ | ECY1: 000421.SZ | ECZ1: 000420.SZ | EDA1: 000419.SZ | EDB1: 000417.SZ | EDC1: 000415.SZ | EDD1: 000411.SZ | EDE1: 000410.SZ | EDF1: 000409.SZ | EDG1: 000408.SZ | EDH1: 000407.SZ | EDI1: 000404.SZ | EDJ1: 000403.SZ | EDK1: 000402.SZ | EDL1: 000401.SZ | EDM1: 000400.SZ | EDN1: 000338.SZ | EDO1: 000333.SZ | EDP1: 000301.SZ | EDQ1: 000166.SZ | EDR1: 000159.SZ | EDS1: 000158.SZ | EDT1: 000157.SZ | EDU1: 000156.SZ | EDV1: 000155.SZ | EDW1: 000153.SZ | EDX1: 000151.SZ | EDY1: 000100.SZ | EDZ1: 000099.SZ | EEA1: 000096.SZ | EEB1: 000090.SZ | EEC1: 000089.SZ | EED1: 000088.SZ | EEE1: 000078.SZ | EEF1: 000070.SZ | EEG1: 000069.SZ | EEH1: 000068.SZ | EEI1: 000066.SZ | EEJ1: 000065.SZ | EEK1: 000063.SZ | EEL1: 000062.SZ | EEM1: 000061.SZ | EEN1: 000060.SZ | EEO1: 000059.SZ | EEP1: 000058.SZ | EEQ1: 000056.SZ | EER1: 000055.SZ | EES1: 000050.SZ | EET1: 000049.SZ | EEU1: 000048.SZ | EEV1: 000045.SZ | EEW1: 000042.SZ | EEX1: 000039.SZ | EEY1: 000037.SZ | EEZ1: 000036.SZ | EFA1: 000035.SZ | EFB1: 000034.SZ | EFC1: 000032.SZ | EFD1: 000031.SZ | EFE1: 000030.SZ | EFF1: 000029.SZ | EFG1: 000028.SZ | EFH1: 000027.SZ | EFI1: 000026.SZ | EFJ1: 000025.SZ | EFK1: 000021.SZ | EFL1: 000020.SZ | EFM1: 000019.SZ | EFN1: 000017.SZ | EFO1: 000016.SZ | EFP1: 000014.SZ | EFQ1: 000012.SZ | EFR1: 000011.SZ | EFS1: 000010.SZ | EFT1: 000009.SZ | EFU1: 000008.SZ | EFV1: 000007.SZ | EFW1: 000006.SZ | EFX1: 000004.SZ | EFY1: 000002.SZ | EFZ1: 000001.SZ | EGA1: 000005.SZ | EGB1: 600652.SH | EGC1: 600614.SH | EGD1: 000502.SZ | EGE1: 600634.SH | EGF1: 000023.SZ | EGG1: 600647.SH | EGH1: 600677.SH | EGI1: 600687.SH | EGJ1: 600695.SH | EGK1: 600804.SH | EGL1: 600811.SH | EGM1: 000540.SZ | EGN1: 600823.SH | EGO1: 600836.SH | EGP1: 600837.SH | EGQ1: 600856.SH | EGR1: 000038.SZ | EGS1: 000040.SZ | EGT1: 000046.SZ | EGU1: 600870.SH | EGV1: 000584.SZ | EGW1: 000585.SZ | EGX1: 600890.SH | EGY1: 600891.SH | EGZ1: 600898.SH | EHA1: 000587.SZ | EHB1: 600896.SH | EHC1: 600705.SH | EHD1: 600701.SH | EHE1: 600723.SH | EHF1: 000416.SZ | EHG1: 000413.SZ | EHH1: 000606.SZ | EHI1: 000611.SZ | EHJ1: 600766.SH | EHK1: 000622.SZ | EHL1: 000616.SZ | EHM1: 000627.SZ | EHN1: 600767.SH | EHO1: 000667.SZ | EHP1: 000666.SZ | EHQ1: 000662.SZ | EHR1: 000671.SZ | EHS1: 600781.SH | EHT1: 000673.SZ | EHU1: 000613.SZ | EHV1: 000687.SZ | EHW1: 600069.SH | EHX1: 600077.SH | EHY1: 600068.SH | EHZ1: 600070.SH | EIA1: 000780.SZ | EIB1: 600083.SH | EIC1: 600086.SH | EID1: 600090.SH | EIE1: 600074.SH | EIF1: 600093.SH | EIG1: 000760.SZ | EIH1: 000732.SZ | EII1: 600091.SH | EIJ1: 000836.SZ | EIK1: 600112.SH | EIL1: 600139.SH | EIM1: 000806.SZ | EIN1: 600122.SH | EIO1: 000851.SZ | EIP1: 000861.SZ | EIQ1: 600209.SH | EIR1: 600200.SH | EIS1: 600175.SH | EIT1: 600190.SH | EIU1: 000835.SZ | EIV1: 600146.SH | EIW1: 000918.SZ | EIX1: 600213.SH | EIY1: 000939.SZ | EIZ1: 600145.SH | EJA1: 600220.SH | EJB1: 600225.SH | EJC1: 000961.SZ | EJD1: 000971.SZ | EJE1: 000976.SZ | EJF1: 600240.SH | EJG1: 000982.SZ | EJH1: 600260.SH | EJI1: 000996.SZ | EJJ1: 600277.SH | EJK1: 600291.SH | EJL1: 000150.SZ | EJM1: 600275.SH | EJN1: 600290.SH | EJO1: 600297.SH | EJP1: 600247.SH | EJQ1: 600242.SH | EJR1: 600306.SH | EJS1: 600466.SH | EJT1: 600393.SH | EJU1: 600555.SH | EJV1: 600321.SH | EJW1: 600311.SH | EJX1: 600385.SH | EJY1: 600317.SH | EJZ1: 600565.SH | EKA1: 600532.SH | EKB1: 600485.SH | EKC1: 600462.SH | EKD1: 600387.SH | EKE1: 002002.SZ | EKF1: 002013.SZ | EKG1: 600978.SH | EKH1: 002071.SZ | EKI1: 002087.SZ | EKJ1: 002089.SZ | EKK1: 002113.SZ | EKL1: 002118.SZ | EKM1: 002147.SZ | EKN1: 002220.SZ | EKO1: 002260.SZ | EKP1: 002280.SZ | EKQ1: 002288.SZ | EKR1: 300023.SZ | EKS1: 300028.SZ | EKT1: 002308.SZ | EKU1: 601989.SH | EKV1: 002325.SZ | EKW1: 300038.SZ | EKX1: 002336.SZ | EKY1: 002341.SZ | EKZ1: 002359.SZ | ELA1: 300064.SZ | ELB1: 002411.SZ | ELC1: 002417.SZ | ELD1: 002433.SZ | ELE1: 002435.SZ | ELF1: 300089.SZ | ELG1: 300090.SZ | ELH1: 002447.SZ | ELI1: 002450.SZ | ELJ1: 300104.SZ | ELK1: 300108.SZ | ELL1: 002464.SZ | ELM1: 300116.SZ | ELN1: 300117.SZ | ELO1: 002473.SZ | ELP1: 002499.SZ | ELQ1: 002502.SZ | ELR1: 002503.SZ | ELS1: 002504.SZ | ELT1: 002505.SZ | ELU1: 002509.SZ | ELV1: 300156.SZ | ELW1: 601558.SH | ELX1: 300178.SZ | ELY1: 300202.SZ | ELZ1: 300208.SZ | EMA1: 601258.SH | EMB1: 300216.SZ | EMC1: 002604.SZ | EMD1: 002610.SZ | EME1: 300262.SZ | EMF1: 002618.SZ | EMG1: 002619.SZ | EMH1: 002621.SZ | EMI1: 300273.SZ | EMJ1: 601028.SH | EMK1: 300280.SZ | EML1: 300282.SZ | EMM1: 300297.SZ | EMN1: 002665.SZ | EMO1: 300309.SZ | EMP1: 300312.SZ | EMQ1: 300325.SZ | EMR1: 002684.SZ | EMS1: 300330.SZ | EMT1: 300336.SZ | EMU1: 603003.SH | EMV1: 002699.SZ | EMW1: 300356.SZ | EMX1: 300362.SZ | EMY1: 603555.SH | EMZ1: 002711.SZ | ENA1: 300367.SZ | ENB1: 300392.SZ | ENC1: 002740.SZ | END1: 601299.SH | ENE1: 000024.SZ | ENF1: 600832.SH | ENG1: 000748.SZ | ENH1: 600005.SH | ENI1: 000511.SZ | ENJ1: 000979.SZ | ENK1: 600401.SH | ENL1: 002018.SZ | ENM1: 600432.SH | ENN1: 600270.SH | ENO1: 600747.SH | ENP1: 000693.SZ | ENQ1: 002070.SZ | ENR1: 000418.SZ | ENS1: 000916.SZ | ENT1: 000594.SZ | ENU1: 600806.SH | ENV1: 000018.SZ | ENW1: 000033.SZ | ENX1: 002143.SZ | ENY1: 600656.SH | ENZ1: 600680.SH | EOA1: 000527.SZ | EOB1: 600631.SH | EOC1: 000562.SZ | EOD1: 600607.SH | EOE1: 600087.SH | EOF1: 600991.SH | EOG1: 600263.SH | EOH1: 000522.SZ | EOI1: 600842.SH | EOJ1: 600102.SH | EOK1: 600003.SH | EOL1: 600553.SH | EOM1: 000602.SZ | EON1: 600253.SH | EOO1: 000578.SZ | EOP1: 000787.SZ | EOQ1: 000805.SZ | EOR1: 000866.SZ | EOS1: 600001.SH | EOT1: 600002.SH | EOU1: 600205.SH | EOV1: 000549.SZ | EOW1: 000956.SZ | EOX1: 000406.SZ | EOY1: 600786.SH | EOZ1: 000817.SZ | EPA1: 000618.SZ | EPB1: 000763.SZ | EPC1: 600181.SH | EPD1: 600840.SH | EPE1: 000515.SZ | EPF1: 000569.SZ | EPG1: 600627.SH | EPH1: 600092.SH | EPI1: 600772.SH | EPJ1: 600672.SH | EPK1: 000832.SZ | EPL1: 600752.SH | EPM1: 000583.SZ | EPN1: 600762.SH | EPO1: 600065.SH | EPP1: 000699.SZ | EPQ1: 600799.SH | EPR1: 600286.SH | EPS1: 000765.SZ | EPT1: 600700.SH | EPU1: 000535.SZ | EPV1: 000769.SZ | EPW1: 600659.SH | EPX1: 600788.SH | EPY1: 600852.SH | EPZ1: 600899.SH | EQA1: 000827.SZ | EQB1: 600669.SH | EQC1: 600632.SH | EQD1: 000003.SZ | EQE1: 000542.SZ | EQF1: 600646.SH | EQG1: 600670.SH | EQH1: 000556.SZ | EQI1: 000013.SZ | EQJ1: 600813.SH | EQK1: 000047.SZ | EQL1: 000015.SZ | EQM1: 600625.SH | EQN1: 920992.BJ | EQO1: 920985.BJ | EQP1: 920982.BJ | EQQ1: 920981.BJ | EQR1: 920978.BJ | EQS1: 920976.BJ | EQT1: 920974.BJ | EQU1: 920971.BJ | EQV1: 920970.BJ | EQW1: 920964.BJ | EQX1: 920961.BJ | EQY1: 920957.BJ | EQZ1: 920953.BJ | ERA1: 920950.BJ | ERB1: 920946.BJ | ERC1: 920943.BJ | ERD1: 920942.BJ | ERE1: 920932.BJ | ERF1: 920931.BJ | ERG1: 920926.BJ | ERH1: 920925.BJ | ERI1: 920924.BJ | ERJ1: 920914.BJ | ERK1: 920906.BJ | ERL1: 920896.BJ | ERM1: 920895.BJ | ERN1: 920892.BJ | ERO1: 920885.BJ | ERP1: 920879.BJ | ERQ1: 920876.BJ | ERR1: 920873.BJ | ERS1: 920871.BJ | ERT1: 920870.BJ | ERU1: 920866.BJ | ERV1: 920857.BJ | ERW1: 920856.BJ | ERX1: 920855.BJ | ERY1: 920839.BJ | ERZ1: 920837.BJ | ESA1: 920834.BJ | ESB1: 920833.BJ | ESC1: 920832.BJ | ESD1: 920826.BJ | ESE1: 920821.BJ | ESF1: 920819.BJ | ESG1: 920810.BJ | ESH1: 920809.BJ | ESI1: 920808.BJ | ESJ1: 920807.BJ | ESK1: 920806.BJ | ESL1: 920802.BJ | ESM1: 920799.BJ | ESN1: 920792.BJ | ESO1: 920790.BJ | ESP1: 920786.BJ | ESQ1: 920781.BJ | ESR1: 920779.BJ | ESS1: 920770.BJ | EST1: 920768.BJ | ESU1: 920765.BJ | ESV1: 920753.BJ | ESW1: 920751.BJ | ESX1: 920748.BJ | ESY1: 920735.BJ | ESZ1: 920729.BJ | ETA1: 920726.BJ | ETB1: 920725.BJ | ETC1: 920720.BJ | ETD1: 920719.BJ | ETE1: 920718.BJ | ETF1: 920717.BJ | ETG1: 920706.BJ | ETH1: 920703.BJ | ETI1: 920701.BJ | ETJ1: 920699.BJ | ETK1: 920694.BJ | ETL1: 920693.BJ | ETM1: 920690.BJ | ETN1: 920689.BJ | ETO1: 920685.BJ | ETP1: 920682.BJ | ETQ1: 920679.BJ | ETR1: 920675.BJ | ETS1: 920670.BJ | ETT1: 920665.BJ | ETU1: 920663.BJ | ETV1: 920662.BJ | ETW1: 920656.BJ | ETX1: 920651.BJ | ETY1: 920642.BJ | ETZ1: 920641.BJ | EUA1: 920640.BJ | EUB1: 920639.BJ | EUC1: 920634.BJ | EUD1: 920627.BJ | EUE1: 920608.BJ | EUF1: 920599.BJ | EUG1: 920593.BJ | EUH1: 920592.BJ | EUI1: 920580.BJ | EUJ1: 920579.BJ | EUK1: 920578.BJ | EUL1: 920576.BJ | EUM1: 920575.BJ | EUN1: 920571.BJ | EUO1: 920570.BJ | EUP1: 920566.BJ | EUQ1: 920564.BJ | EUR1: 920556.BJ | EUS1: 920553.BJ | EUT1: 920547.BJ | EUU1: 920541.BJ | EUV1: 920533.BJ | EUW1: 920527.BJ | EUX1: 920526.BJ | EUY1: 920523.BJ | EUZ1: 920522.BJ | EVA1: 920519.BJ | EVB1: 920510.BJ | EVC1: 920509.BJ | EVD1: 920508.BJ | EVE1: 920505.BJ | EVF1: 920504.BJ | EVG1: 920496.BJ | EVH1: 920493.BJ | EVI1: 920491.BJ | EVJ1: 920489.BJ | EVK1: 920478.BJ | EVL1: 920476.BJ | EVM1: 920475.BJ | EVN1: 920471.BJ | EVO1: 920469.BJ | EVP1: 920455.BJ | EVQ1: 920454.BJ | EVR1: 920445.BJ | EVS1: 920438.BJ | EVT1: 920436.BJ | EVU1: 920433.BJ | EVV1: 920429.BJ | EVW1: 920427.BJ | EVX1: 920425.BJ | EVY1: 920422.BJ | EVZ1: 920419.BJ | EWA1: 920418.BJ | EWB1: 920415.BJ | EWC1: 920414.BJ | EWD1: 920407.BJ | EWE1: 920405.BJ | EWF1: 920403.BJ | EWG1: 920402.BJ | EWH1: 920396.BJ | EWI1: 920395.BJ | EWJ1: 920394.BJ | EWK1: 920392.BJ | EWL1: 920378.BJ | EWM1: 920375.BJ | EWN1: 920374.BJ | EWO1: 920371.BJ | EWP1: 920370.BJ | EWQ1: 920368.BJ | EWR1: 920367.BJ | EWS1: 920363.BJ | EWT1: 920357.BJ | EWU1: 920351.BJ | EWV1: 920346.BJ | EWW1: 920344.BJ | EWX1: 920339.BJ | EWY1: 920305.BJ | EWZ1: 920304.BJ | EXA1: 920300.BJ | EXB1: 920299.BJ | EXC1: 920284.BJ | EXD1: 920278.BJ | EXE1: 920275.BJ | EXF1: 920274.BJ | EXG1: 920273.BJ | EXH1: 920271.BJ | EXI1: 920270.BJ | EXJ1: 920267.BJ | EXK1: 920266.BJ | EXL1: 920263.BJ | EXM1: 920262.BJ | EXN1: 920261.BJ | EXO1: 920260.BJ | EXP1: 920252.BJ | EXQ1: 920249.BJ | EXR1: 920247.BJ | EXS1: 920245.BJ | EXT1: 920242.BJ | EXU1: 920239.BJ | EXV1: 920237.BJ | EXW1: 920230.BJ | EXX1: 920227.BJ | EXY1: 920225.BJ | EXZ1: 920223.BJ | EYA1: 920221.BJ | EYB1: 920212.BJ | EYC1: 920208.BJ | EYD1: 920207.BJ | EYE1: 920204.BJ | EYF1: 920199.BJ | EYG1: 920198.BJ | EYH1: 920195.BJ | EYI1: 920190.BJ | EYJ1: 920185.BJ | EYK1: 920184.BJ | EYL1: 920179.BJ | EYM1: 920175.BJ | EYN1: 920174.BJ | EYO1: 920171.BJ | EYP1: 920169.BJ | EYQ1: 920167.BJ | EYR1: 920163.BJ | EYS1: 920160.BJ | EYT1: 920158.BJ | EYU1: 920152.BJ | EYV1: 920149.BJ | EYW1: 920146.BJ | EYX1: 920145.BJ | EYY1: 920139.BJ | EYZ1: 920132.BJ | EZA1: 920130.BJ | EZB1: 920128.BJ | EZC1: 920124.BJ | EZD1: 920123.BJ | EZE1: 920122.BJ | EZF1: 920118.BJ | EZG1: 920116.BJ | EZH1: 920112.BJ | EZI1: 920111.BJ | EZJ1: 920110.BJ | EZK1: 920108.BJ | EZL1: 920106.BJ | EZM1: 920101.BJ | EZN1: 920100.BJ | EZO1: 920099.BJ | EZP1: 920098.BJ | EZQ1: 920092.BJ | EZR1: 920091.BJ | EZS1: 920090.BJ | EZT1: 920089.BJ | EZU1: 920088.BJ | EZV1: 920087.BJ | EZW1: 920082.BJ | EZX1: 920080.BJ | EZY1: 920077.BJ | EZZ1: 920075.BJ | FAA1: 920068.BJ | FAB1: 920066.BJ | FAC1: 920062.BJ | FAD1: 920061.BJ | FAE1: 920060.BJ | FAF1: 920058.BJ | FAG1: 920057.BJ | FAH1: 920056.BJ | FAI1: 920047.BJ | FAJ1: 920046.BJ | FAK1: 920039.BJ | FAL1: 920037.BJ | FAM1: 920035.BJ | FAN1: 920033.BJ | FAO1: 920030.BJ | FAP1: 920029.BJ | FAQ1: 920027.BJ | FAR1: 920026.BJ | FAS1: 920023.BJ | FAT1: 920022.BJ | FAU1: 920021.BJ | FAV1: 920020.BJ | FAW1: 920019.BJ | FAX1: 920018.BJ | FAY1: 920017.BJ | FAZ1: 920016.BJ | FBA1: 920015.BJ | FBB1: 920014.BJ | FBC1: 920010.BJ | FBD1: 920009.BJ | FBE1: 920008.BJ | FBF1: 920007.BJ | FBG1: 920006.BJ | FBH1: 920005.BJ | FBI1: 920003.BJ | FBJ1: 920002.BJ | FBK1: 920001.BJ | FBL1: 920000.BJ | FBM1: 689009.SH | FBN1: 688981.SH | FBO1: 688819.SH | FBP1: 688802.SH | FBQ1: 688800.SH | FBR1: 688799.SH | FBS1: 688798.SH | FBT1: 688796.SH | FBU1: 688795.SH | FBV1: 688793.SH | FBW1: 688790.SH | FBX1: 688789.SH | FBY1: 688788.SH | FBZ1: 688787.SH | FCA1: 688786.SH | FCB1: 688783.SH | FCC1: 688779.SH | FCD1: 688778.SH | FCE1: 688777.SH | FCF1: 688776.SH | FCG1: 688775.SH | FCH1: 688772.SH | FCI1: 688768.SH | FCJ1: 688767.SH | FCK1: 688766.SH | FCL1: 688765.SH | FCM1: 688759.SH | FCN1: 688758.SH | FCO1: 688757.SH | FCP1: 688755.SH | FCQ1: 688750.SH | FCR1: 688739.SH | FCS1: 688737.SH | FCT1: 688733.SH | FCU1: 688729.SH | FCV1: 688728.SH | FCW1: 688727.SH | FCX1: 688726.SH | FCY1: 688722.SH | FCZ1: 688721.SH | FDA1: 688720.SH | FDB1: 688719.SH | FDC1: 688718.SH | FDD1: 688717.SH | FDE1: 688716.SH | FDF1: 688711.SH | FDG1: 688710.SH | FDH1: 688709.SH | FDI1: 688708.SH | FDJ1: 688707.SH | FDK1: 688702.SH | FDL1: 688701.SH | FDM1: 688700.SH | FDN1: 688699.SH | FDO1: 688698.SH | FDP1: 688697.SH | FDQ1: 688696.SH | FDR1: 688695.SH | FDS1: 688693.SH | FDT1: 688692.SH | FDU1: 688691.SH | FDV1: 688690.SH | FDW1: 688689.SH | FDX1: 688687.SH | FDY1: 688686.SH | FDZ1: 688685.SH | FEA1: 688683.SH | FEB1: 688682.SH | FEC1: 688681.SH | FED1: 688680.SH | FEE1: 688679.SH | FEF1: 688678.SH | FEG1: 688677.SH | FEH1: 688676.SH | FEI1: 688671.SH | FEJ1: 688670.SH | FEK1: 688669.SH | FEL1: 688668.SH | FEM1: 688667.SH | FEN1: 688665.SH | FEO1: 688663.SH | FEP1: 688662.SH | FEQ1: 688661.SH | FER1: 688660.SH | FES1: 688659.SH | FET1: 688658.SH | FEU1: 688657.SH | FEV1: 688656.SH | FEW1: 688655.SH | FEX1: 688653.SH | FEY1: 688652.SH | FEZ1: 688651.SH | FFA1: 688648.SH | FFB1: 688646.SH | FFC1: 688639.SH | FFD1: 688638.SH | FFE1: 688636.SH | FFF1: 688633.SH | FFG1: 688631.SH | FFH1: 688630.SH | FFI1: 688629.SH | FFJ1: 688628.SH | FFK1: 688627.SH | FFL1: 688626.SH | FFM1: 688625.SH | FFN1: 688623.SH | FFO1: 688622.SH | FFP1: 688621.SH | FFQ1: 688620.SH | FFR1: 688619.SH | FFS1: 688618.SH | FFT1: 688617.SH | FFU1: 688616.SH | FFV1: 688615.SH | FFW1: 688613.SH | FFX1: 688612.SH | FFY1: 688611.SH | FFZ1: 688610.SH | FGA1: 688609.SH | FGB1: 688608.SH | FGC1: 688607.SH | FGD1: 688606.SH | FGE1: 688605.SH | FGF1: 688603.SH | FGG1: 688602.SH | FGH1: 688601.SH | FGI1: 688600.SH | FGJ1: 688599.SH | FGK1: 688598.SH | FGL1: 688597.SH | FGM1: 688596.SH | FGN1: 688595.SH | FGO1: 688593.SH | FGP1: 688592.SH | FGQ1: 688591.SH | FGR1: 688590.SH | FGS1: 688589.SH | FGT1: 688588.SH | FGU1: 688586.SH | FGV1: 688585.SH | FGW1: 688584.SH | FGX1: 688583.SH | FGY1: 688582.SH | FGZ1: 688581.SH | FHA1: 688580.SH | FHB1: 688579.SH | FHC1: 688578.SH | FHD1: 688577.SH | FHE1: 688576.SH | FHF1: 688575.SH | FHG1: 688573.SH | FHH1: 688571.SH | FHI1: 688570.SH | FHJ1: 688569.SH | FHK1: 688568.SH | FHL1: 688567.SH | FHM1: 688566.SH | FHN1: 688565.SH | FHO1: 688563.SH | FHP1: 688562.SH | FHQ1: 688561.SH | FHR1: 688560.SH | FHS1: 688559.SH | FHT1: 688558.SH | FHU1: 688557.SH | FHV1: 688556.SH | FHW1: 688553.SH | FHX1: 688552.SH | FHY1: 688551.SH | FHZ1: 688550.SH | FIA1: 688549.SH | FIB1: 688548.SH | FIC1: 688545.SH | FID1: 688543.SH | FIE1: 688539.SH | FIF1: 688538.SH | FIG1: 688536.SH | FIH1: 688535.SH | FII1: 688533.SH | FIJ1: 688531.SH | FIK1: 688530.SH | FIL1: 688529.SH | FIM1: 688528.SH | FIN1: 688526.SH | FIO1: 688525.SH | FIP1: 688523.SH | FIQ1: 688522.SH | FIR1: 688521.SH | FIS1: 688520.SH | FIT1: 688519.SH | FIU1: 688518.SH | FIV1: 688517.SH | FIW1: 688516.SH | FIX1: 688515.SH | FIY1: 688513.SH | FIZ1: 688512.SH | FJA1: 688511.SH | FJB1: 688510.SH | FJC1: 688509.SH | FJD1: 688508.SH | FJE1: 688507.SH | FJF1: 688506.SH | FJG1: 688505.SH | FJH1: 688503.SH | FJI1: 688502.SH | FJJ1: 688501.SH | FJK1: 688500.SH | FJL1: 688499.SH | FJM1: 688498.SH | FJN1: 688496.SH | FJO1: 688489.SH | FJP1: 688488.SH | FJQ1: 688486.SH | FJR1: 688485.SH | FJS1: 688484.SH | FJT1: 688480.SH | FJU1: 688479.SH | FJV1: 688478.SH | FJW1: 688475.SH | FJX1: 688472.SH | FJY1: 688469.SH | FJZ1: 688468.SH | FKA1: 688466.SH | FKB1: 688459.SH | FKC1: 688458.SH | FKD1: 688456.SH | FKE1: 688455.SH | FKF1: 688450.SH | FKG1: 688449.SH | FKH1: 688448.SH | FKI1: 688443.SH | FKJ1: 688439.SH | FKK1: 688435.SH | FKL1: 688433.SH | FKM1: 688432.SH | FKN1: 688429.SH | FKO1: 688428.SH | FKP1: 688426.SH | FKQ1: 688425.SH | FKR1: 688420.SH | FKS1: 688419.SH | FKT1: 688418.SH | FKU1: 688416.SH | FKV1: 688411.SH | FKW1: 688410.SH | FKX1: 688409.SH | FKY1: 688408.SH | FKZ1: 688403.SH | FLA1: 688401.SH | FLB1: 688400.SH | FLC1: 688398.SH | FLD1: 688396.SH | FLE1: 688395.SH | FLF1: 688393.SH | FLG1: 688392.SH | FLH1: 688391.SH | FLI1: 688390.SH | FLJ1: 688387.SH | FLK1: 688386.SH | FLL1: 688385.SH | FLM1: 688383.SH | FLN1: 688382.SH | FLO1: 688381.SH | FLP1: 688380.SH | FLQ1: 688379.SH | FLR1: 688378.SH | FLS1: 688377.SH | FLT1: 688376.SH | FLU1: 688375.SH | FLV1: 688373.SH | FLW1: 688372.SH | FLX1: 688371.SH | FLY1: 688370.SH | FLZ1: 688367.SH | FMA1: 688365.SH | FMB1: 688362.SH | FMC1: 688361.SH | FMD1: 688360.SH | FME1: 688359.SH | FMF1: 688356.SH | FMG1: 688355.SH | FMH1: 688353.SH | FMI1: 688352.SH | FMJ1: 688351.SH | FMK1: 688350.SH | FML1: 688349.SH | FMM1: 688348.SH | FMN1: 688347.SH | FMO1: 688345.SH | FMP1: 688343.SH | FMQ1: 688339.SH | FMR1: 688338.SH | FMS1: 688337.SH | FMT1: 688336.SH | FMU1: 688335.SH | FMV1: 688334.SH | FMW1: 688332.SH | FMX1: 688331.SH | FMY1: 688330.SH | FMZ1: 688329.SH | FNA1: 688328.SH | FNB1: 688327.SH | FNC1: 688326.SH | FND1: 688325.SH | FNE1: 688323.SH | FNF1: 688322.SH | FNG1: 688320.SH | FNH1: 688319.SH | FNI1: 688318.SH | FNJ1: 688317.SH | FNK1: 688316.SH | FNL1: 688315.SH | FNM1: 688314.SH | FNN1: 688313.SH | FNO1: 688312.SH | FNP1: 688311.SH | FNQ1: 688309.SH | FNR1: 688308.SH | FNS1: 688307.SH | FNT1: 688306.SH | FNU1: 688305.SH | FNV1: 688303.SH | FNW1: 688302.SH | FNX1: 688301.SH | FNY1: 688298.SH | FNZ1: 688297.SH | FOA1: 688296.SH | FOB1: 688295.SH | FOC1: 688293.SH | FOD1: 688292.SH | FOE1: 688291.SH | FOF1: 688290.SH | FOG1: 688289.SH | FOH1: 688287.SH | FOI1: 688286.SH | FOJ1: 688285.SH | FOK1: 688283.SH | FOL1: 688282.SH | FOM1: 688281.SH | FON1: 688280.SH | FOO1: 688279.SH | FOP1: 688278.SH | FOQ1: 688277.SH | FOR1: 688276.SH | FOS1: 688275.SH | FOT1: 688273.SH | FOU1: 688272.SH | FOV1: 688271.SH | FOW1: 688270.SH | FOX1: 688269.SH | FOY1: 688267.SH | FOZ1: 688266.SH | FPA1: 688265.SH | FPB1: 688262.SH | FPC1: 688261.SH | FPD1: 688260.SH | FPE1: 688259.SH | FPF1: 688257.SH | FPG1: 688256.SH | FPH1: 688255.SH | FPI1: 688253.SH | FPJ1: 688252.SH | FPK1: 688251.SH | FPL1: 688249.SH | FPM1: 688248.SH | FPN1: 688247.SH | FPO1: 688246.SH | FPP1: 688244.SH | FPQ1: 688239.SH | FPR1: 688238.SH | FPS1: 688237.SH | FPT1: 688236.SH | FPU1: 688235.SH | FPV1: 688234.SH | FPW1: 688233.SH | FPX1: 688232.SH | FPY1: 688231.SH | FPZ1: 688230.SH | FQA1: 688229.SH | FQB1: 688228.SH | FQC1: 688227.SH | FQD1: 688226.SH | FQE1: 688225.SH | FQF1: 688223.SH | FQG1: 688222.SH | FQH1: 688221.SH | FQI1: 688220.SH | FQJ1: 688219.SH | FQK1: 688217.SH | FQL1: 688216.SH | FQM1: 688215.SH | FQN1: 688213.SH | FQO1: 688212.SH | FQP1: 688211.SH | FQQ1: 688210.SH | FQR1: 688209.SH | FQS1: 688208.SH | FQT1: 688207.SH | FQU1: 688206.SH | FQV1: 688205.SH | FQW1: 688203.SH | FQX1: 688201.SH | FQY1: 688200.SH | FQZ1: 688197.SH | FRA1: 688195.SH | FRB1: 688193.SH | FRC1: 688192.SH | FRD1: 688191.SH | FRE1: 688190.SH | FRF1: 688189.SH | FRG1: 688187.SH | FRH1: 688186.SH | FRI1: 688185.SH | FRJ1: 688184.SH | FRK1: 688183.SH | FRL1: 688182.SH | FRM1: 688180.SH | FRN1: 688179.SH | FRO1: 688178.SH | FRP1: 688177.SH | FRQ1: 688176.SH | FRR1: 688175.SH | FRS1: 688173.SH | FRT1: 688172.SH | FRU1: 688171.SH | FRV1: 688170.SH | FRW1: 688169.SH | FRX1: 688167.SH | FRY1: 688165.SH | FRZ1: 688163.SH | FSA1: 688162.SH | FSB1: 688161.SH | FSC1: 688160.SH | FSD1: 688159.SH | FSE1: 688158.SH | FSF1: 688157.SH | FSG1: 688156.SH | FSH1: 688155.SH | FSI1: 688153.SH | FSJ1: 688152.SH | FSK1: 688151.SH | FSL1: 688150.SH | FSM1: 688148.SH | FSN1: 688147.SH | FSO1: 688146.SH | FSP1: 688143.SH | FSQ1: 688141.SH | FSR1: 688137.SH | FSS1: 688136.SH | FST1: 688135.SH | FSU1: 688133.SH | FSV1: 688132.SH | FSW1: 688131.SH | FSX1: 688130.SH | FSY1: 688129.SH | FSZ1: 688127.SH | FTA1: 688126.SH | FTB1: 688125.SH | FTC1: 688121.SH | FTD1: 688120.SH | FTE1: 688119.SH | FTF1: 688117.SH | FTG1: 688115.SH | FTH1: 688114.SH | FTI1: 688113.SH | FTJ1: 688112.SH | FTK1: 688110.SH | FTL1: 688109.SH | FTM1: 688107.SH | FTN1: 688106.SH | FTO1: 688105.SH | FTP1: 688103.SH | FTQ1: 688102.SH | FTR1: 688100.SH | FTS1: 688097.SH | FTT1: 688096.SH | FTU1: 688095.SH | FTV1: 688093.SH | FTW1: 688092.SH | FTX1: 688091.SH | FTY1: 688090.SH | FTZ1: 688087.SH | FUA1: 688085.SH | FUB1: 688084.SH | FUC1: 688083.SH | FUD1: 688082.SH | FUE1: 688080.SH | FUF1: 688079.SH | FUG1: 688077.SH | FUH1: 688076.SH | FUI1: 688075.SH | FUJ1: 688073.SH | FUK1: 688072.SH | FUL1: 688071.SH | FUM1: 688070.SH | FUN1: 688069.SH | FUO1: 688067.SH | FUP1: 688065.SH | FUQ1: 688063.SH | FUR1: 688062.SH | FUS1: 688061.SH | FUT1: 688060.SH | FUU1: 688059.SH | FUV1: 688057.SH | FUW1: 688056.SH | FUX1: 688055.SH | FUY1: 688053.SH | FUZ1: 688052.SH | FVA1: 688051.SH | FVB1: 688050.SH | FVC1: 688049.SH | FVD1: 688048.SH | FVE1: 688047.SH | FVF1: 688046.SH | FVG1: 688045.SH | FVH1: 688041.SH | FVI1: 688038.SH | FVJ1: 688035.SH | FVK1: 688032.SH | FVL1: 688031.SH | FVM1: 688027.SH | FVN1: 688026.SH | FVO1: 688017.SH | FVP1: 688013.SH | FVQ1: 688004.SH | FVR1: 605599.SH | FVS1: 605598.SH | FVT1: 605589.SH | FVU1: 605588.SH | FVV1: 605580.SH | FVW1: 605577.SH | FVX1: 605567.SH | FVY1: 605566.SH | FVZ1: 605555.SH | FWA1: 605507.SH | FWB1: 605500.SH | FWC1: 605499.SH | FWD1: 605488.SH | FWE1: 605399.SH | FWF1: 605398.SH | FWG1: 605389.SH | FWH1: 605388.SH | FWI1: 605378.SH | FWJ1: 605377.SH | FWK1: 605376.SH | FWL1: 605369.SH | FWM1: 605368.SH | FWN1: 605366.SH | FWO1: 605365.SH | FWP1: 605358.SH | FWQ1: 605339.SH | FWR1: 605338.SH | FWS1: 605337.SH | FWT1: 605336.SH | FWU1: 605333.SH | FWV1: 605319.SH | FWW1: 605318.SH | FWX1: 605305.SH | FWY1: 605303.SH | FWZ1: 605300.SH | FXA1: 605299.SH | FXB1: 605298.SH | FXC1: 605296.SH | FXD1: 605289.SH | FXE1: 605288.SH | FXF1: 605287.SH | FXG1: 605286.SH | FXH1: 605277.SH | FXI1: 605268.SH | FXJ1: 605266.SH | FXK1: 605259.SH | FXL1: 605258.SH | FXM1: 605255.SH | FXN1: 605228.SH | FXO1: 605222.SH | FXP1: 605218.SH | FXQ1: 605208.SH | FXR1: 605199.SH | FXS1: 605198.SH | FXT1: 605196.SH | FXU1: 605189.SH | FXV1: 605188.SH | FXW1: 605186.SH | FXX1: 605183.SH | FXY1: 605180.SH | FXZ1: 605179.SH | FYA1: 605178.SH | FYB1: 605177.SH | FYC1: 605169.SH | FYD1: 605168.SH | FYE1: 605167.SH | FYF1: 605166.SH | FYG1: 605162.SH | FYH1: 605158.SH | FYI1: 605155.SH | FYJ1: 605151.SH | FYK1: 605138.SH | FYL1: 605136.SH | FYM1: 605133.SH | FYN1: 605128.SH | FYO1: 605123.SH | FYP1: 605122.SH | FYQ1: 605118.SH | FYR1: 605117.SH | FYS1: 605116.SH | FYT1: 605111.SH | FYU1: 605108.SH | FYV1: 605100.SH | FYW1: 605099.SH | FYX1: 605098.SH | FYY1: 605090.SH | FYZ1: 605089.SH | FZA1: 605088.SH | FZB1: 605086.SH | FZC1: 605081.SH | FZD1: 605080.SH | FZE1: 605077.SH | FZF1: 605069.SH | FZG1: 605068.SH | FZH1: 605066.SH | FZI1: 605060.SH | FZJ1: 605058.SH | FZK1: 605056.SH | FZL1: 605055.SH | FZM1: 605050.SH | FZN1: 605033.SH | FZO1: 605028.SH | FZP1: 605020.SH | FZQ1: 605018.SH | FZR1: 605016.SH | FZS1: 605011.SH | FZT1: 605009.SH | FZU1: 605008.SH | FZV1: 605007.SH | FZW1: 605006.SH | FZX1: 605005.SH | FZY1: 605003.SH | FZZ1: 605001.SH | GAA1: 603950.SH | GAB1: 603949.SH | GAC1: 603948.SH | GAD1: 603931.SH | GAE1: 603893.SH | GAF1: 603836.SH | GAG1: 603759.SH | GAH1: 603719.SH | GAI1: 603682.SH | GAJ1: 603565.SH | GAK1: 603551.SH | GAL1: 603529.SH | GAM1: 603511.SH | GAN1: 603439.SH | GAO1: 603418.SH | GAP1: 603409.SH | GAQ1: 603408.SH | GAR1: 603406.SH | GAS1: 603400.SH | GAT1: 603395.SH | GAU1: 603392.SH | GAV1: 603391.SH | GAW1: 603382.SH | GAX1: 603381.SH | GAY1: 603376.SH | GAZ1: 603375.SH | GBA1: 603373.SH | GBB1: 603370.SH | GBC1: 603353.SH | GBD1: 603350.SH | GBE1: 603344.SH | GBF1: 603341.SH | GBG1: 603334.SH | GBH1: 603325.SH | GBI1: 603324.SH | GBJ1: 603312.SH | GBK1: 603310.SH | GBL1: 603307.SH | GBM1: 603296.SH | GBN1: 603291.SH | GBO1: 603290.SH | GBP1: 603285.SH | GBQ1: 603282.SH | GBR1: 603281.SH | GBS1: 603280.SH | GBT1: 603276.SH | GBU1: 603275.SH | GBV1: 603273.SH | GBW1: 603272.SH | GBX1: 603271.SH | GBY1: 603270.SH | GBZ1: 603262.SH | GCA1: 603261.SH | GCB1: 603257.SH | GCC1: 603255.SH | GCD1: 603237.SH | GCE1: 603235.SH | GCF1: 603231.SH | GCG1: 603230.SH | GCH1: 603221.SH | GCI1: 603219.SH | GCJ1: 603216.SH | GCK1: 603215.SH | GCL1: 603213.SH | GCM1: 603212.SH | GCN1: 603211.SH | GCO1: 603210.SH | GCP1: 603209.SH | GCQ1: 603207.SH | GCR1: 603206.SH | GCS1: 603205.SH | GCT1: 603202.SH | GCU1: 603201.SH | GCV1: 603195.SH | GCW1: 603194.SH | GCX1: 603193.SH | GCY1: 603191.SH | GCZ1: 603190.SH | GDA1: 603182.SH | GDB1: 603176.SH | GDC1: 603175.SH | GDD1: 603173.SH | GDE1: 603172.SH | GDF1: 603171.SH | GDG1: 603170.SH | GDH1: 603163.SH | GDI1: 603162.SH | GDJ1: 603155.SH | GDK1: 603153.SH | GDL1: 603151.SH | GDM1: 603150.SH | GDN1: 603137.SH | GDO1: 603135.SH | GDP1: 603132.SH | GDQ1: 603130.SH | GDR1: 603125.SH | GDS1: 603124.SH | GDT1: 603122.SH | GDU1: 603120.SH | GDV1: 603119.SH | GDW1: 603112.SH | GDX1: 603107.SH | GDY1: 603102.SH | GDZ1: 603097.SH | GEA1: 603095.SH | GEB1: 603092.SH | GEC1: 603091.SH | GED1: 603087.SH | GEE1: 603082.SH | GEF1: 603075.SH | GEG1: 603073.SH | GEH1: 603072.SH | GEI1: 603071.SH | GEJ1: 603070.SH | GEK1: 603065.SH | GEL1: 603062.SH | GEM1: 603061.SH | GEN1: 603057.SH | GEO1: 603052.SH | GEP1: 603051.SH | GEQ1: 603049.SH | GER1: 603048.SH | GES1: 603014.SH | GET1: 603004.SH | GEU1: 601995.SH | GEV1: 601963.SH | GEW1: 601956.SH | GEX1: 601921.SH | GEY1: 601868.SH | GEZ1: 601827.SH | GFA1: 601825.SH | GFB1: 601816.SH | GFC1: 601778.SH | GFD1: 601728.SH | GFE1: 601702.SH | GFF1: 601696.SH | GFG1: 601686.SH | GFH1: 601665.SH | GFI1: 601609.SH | GFJ1: 601568.SH | GFK1: 601528.SH | GFL1: 601456.SH | GFM1: 601399.SH | GFN1: 601279.SH | GFO1: 601187.SH | GFP1: 601156.SH | GFQ1: 601136.SH | GFR1: 601133.SH | GFS1: 601121.SH | GFT1: 601096.SH | GFU1: 601089.SH | GFV1: 601083.SH | GFW1: 601065.SH | GFX1: 601061.SH | GFY1: 601059.SH | GFZ1: 601033.SH | GGA1: 601026.SH | GGB1: 601022.SH | GGC1: 600956.SH | GGD1: 600955.SH | GGE1: 600941.SH | GGF1: 600938.SH | GGG1: 600935.SH | GGH1: 600930.SH | GGI1: 600927.SH | GGJ1: 600925.SH | GGK1: 600918.SH | GGL1: 600916.SH | GGM1: 600906.SH | GGN1: 600905.SH | GGO1: 600032.SH | GGP1: 301678.SZ | GGQ1: 301668.SZ | GGR1: 301665.SZ | GGS1: 301662.SZ | GGT1: 301658.SZ | GGU1: 301656.SZ | GGV1: 301638.SZ | GGW1: 301636.SZ | GGX1: 301633.SZ | GGY1: 301632.SZ | GGZ1: 301631.SZ | GHA1: 301630.SZ | GHB1: 301629.SZ | GHC1: 301628.SZ | GHD1: 301626.SZ | GHE1: 301622.SZ | GHF1: 301618.SZ | GHG1: 301617.SZ | GHH1: 301616.SZ | GHI1: 301613.SZ | GHJ1: 301611.SZ | GHK1: 301609.SZ | GHL1: 301608.SZ | GHM1: 301607.SZ | GHN1: 301606.SZ | GHO1: 301603.SZ | GHP1: 301602.SZ | GHQ1: 301601.SZ | GHR1: 301600.SZ | GHS1: 301598.SZ | GHT1: 301596.SZ | GHU1: 301595.SZ | GHV1: 301592.SZ | GHW1: 301591.SZ | GHX1: 301590.SZ | GHY1: 301589.SZ | GHZ1: 301588.SZ | GIA1: 301587.SZ | GIB1: 301586.SZ | GIC1: 301585.SZ | GID1: 301584.SZ | GIE1: 301581.SZ | GIF1: 301580.SZ | GIG1: 301578.SZ | GIH1: 301577.SZ | GII1: 301575.SZ | GIJ1: 301571.SZ | GIK1: 301568.SZ | GIL1: 301567.SZ | GIM1: 301566.SZ | GIN1: 301565.SZ | GIO1: 301563.SZ | GIP1: 301560.SZ | GIQ1: 301559.SZ | GIR1: 301558.SZ | GIS1: 301557.SZ | GIT1: 301556.SZ | GIU1: 301555.SZ | GIV1: 301552.SZ | GIW1: 301551.SZ | GIX1: 301550.SZ | GIY1: 301548.SZ | GIZ1: 301539.SZ | GJA1: 301538.SZ | GJB1: 301536.SZ | GJC1: 301535.SZ | GJD1: 301533.SZ | GJE1: 301529.SZ | GJF1: 301528.SZ | GJG1: 301526.SZ | GJH1: 301525.SZ | GJI1: 301522.SZ | GJJ1: 301520.SZ | GJK1: 301519.SZ | GJL1: 301518.SZ | GJM1: 301517.SZ | GJN1: 301516.SZ | GJO1: 301515.SZ | GJP1: 301512.SZ | GJQ1: 301511.SZ | GJR1: 301510.SZ | GJS1: 301509.SZ | GJT1: 301508.SZ | GJU1: 301507.SZ | GJV1: 301505.SZ | GJW1: 301503.SZ | GJX1: 301502.SZ | GJY1: 301501.SZ | GJZ1: 301500.SZ | GKA1: 301499.SZ | GKB1: 301498.SZ | GKC1: 301491.SZ | GKD1: 301489.SZ | GKE1: 301488.SZ | GKF1: 301487.SZ | GKG1: 301486.SZ | GKH1: 301479.SZ | GKI1: 301469.SZ | GKJ1: 301468.SZ | GKK1: 301459.SZ | GKL1: 301458.SZ | GKM1: 301456.SZ | GKN1: 301448.SZ | GKO1: 301446.SZ | GKP1: 301439.SZ | GKQ1: 301429.SZ | GKR1: 301428.SZ | GKS1: 301421.SZ | GKT1: 301419.SZ | GKU1: 301418.SZ | GKV1: 301413.SZ | GKW1: 301408.SZ | GKX1: 301399.SZ | GKY1: 301398.SZ | GKZ1: 301397.SZ | GLA1: 301396.SZ | GLB1: 301395.SZ | GLC1: 301393.SZ | GLD1: 301392.SZ | GLE1: 301391.SZ | GLF1: 301390.SZ | GLG1: 301389.SZ | GLH1: 301388.SZ | GLI1: 301387.SZ | GLJ1: 301386.SZ | GLK1: 301383.SZ | GLL1: 301382.SZ | GLM1: 301381.SZ | GLN1: 301380.SZ | GLO1: 301379.SZ | GLP1: 301378.SZ | GLQ1: 301377.SZ | GLR1: 301376.SZ | GLS1: 301373.SZ | GLT1: 301372.SZ | GLU1: 301371.SZ | GLV1: 301370.SZ | GLW1: 301369.SZ | GLX1: 301368.SZ | GLY1: 301367.SZ | GLZ1: 301366.SZ | GMA1: 301365.SZ | GMB1: 301363.SZ | GMC1: 301362.SZ | GMD1: 301361.SZ | GME1: 301360.SZ | GMF1: 301359.SZ | GMG1: 301358.SZ | GMH1: 301357.SZ | GMI1: 301356.SZ | GMJ1: 301355.SZ | GMK1: 301353.SZ | GML1: 301349.SZ | GMM1: 301348.SZ | GMN1: 301345.SZ | GMO1: 301339.SZ | GMP1: 301338.SZ | GMQ1: 301337.SZ | GMR1: 301336.SZ | GMS1: 301335.SZ | GMT1: 301333.SZ | GMU1: 301332.SZ | GMV1: 301331.SZ | GMW1: 301330.SZ | GMX1: 301329.SZ | GMY1: 301328.SZ | GMZ1: 301327.SZ | GNA1: 301326.SZ | GNB1: 301325.SZ | GNC1: 301323.SZ | GND1: 301322.SZ | GNE1: 301321.SZ | GNF1: 301320.SZ | GNG1: 301319.SZ | GNH1: 301318.SZ | GNI1: 301317.SZ | GNJ1: 301316.SZ | GNK1: 301315.SZ | GNL1: 301314.SZ | GNM1: 301313.SZ | GNN1: 301312.SZ | GNO1: 301311.SZ | GNP1: 301310.SZ | GNQ1: 301309.SZ | GNR1: 301308.SZ | GNS1: 301307.SZ | GNT1: 301306.SZ | GNU1: 301305.SZ | GNV1: 301303.SZ | GNW1: 301302.SZ | GNX1: 301301.SZ | GNY1: 301300.SZ | GNZ1: 301299.SZ | GOA1: 301298.SZ | GOB1: 301297.SZ | GOC1: 301296.SZ | GOD1: 301295.SZ | GOE1: 301293.SZ | GOF1: 301292.SZ | GOG1: 301291.SZ | GOH1: 301290.SZ | GOI1: 301289.SZ | GOJ1: 301288.SZ | GOK1: 301287.SZ | GOL1: 301286.SZ | GOM1: 301285.SZ | GON1: 301283.SZ | GOO1: 301282.SZ | GOP1: 301281.SZ | GOQ1: 301280.SZ | GOR1: 301279.SZ | GOS1: 301278.SZ | GOT1: 301277.SZ | GOU1: 301276.SZ | GOV1: 301275.SZ | GOW1: 301273.SZ | GOX1: 301272.SZ | GOY1: 301270.SZ | GOZ1: 301269.SZ | GPA1: 301268.SZ | GPB1: 301267.SZ | GPC1: 301266.SZ | GPD1: 301265.SZ | GPE1: 301263.SZ | GPF1: 301262.SZ | GPG1: 301261.SZ | GPH1: 301260.SZ | GPI1: 301259.SZ | GPJ1: 301258.SZ | GPK1: 301257.SZ | GPL1: 301256.SZ | GPM1: 301255.SZ | GPN1: 301252.SZ | GPO1: 301251.SZ | GPP1: 301248.SZ | GPQ1: 301246.SZ | GPR1: 301239.SZ | GPS1: 301238.SZ | GPT1: 301237.SZ | GPU1: 301236.SZ | GPV1: 301235.SZ | GPW1: 301234.SZ | GPX1: 301233.SZ | GPY1: 301232.SZ | GPZ1: 301231.SZ | GQA1: 301230.SZ | GQB1: 301229.SZ | GQC1: 301228.SZ | GQD1: 301227.SZ | GQE1: 301226.SZ | GQF1: 301225.SZ | GQG1: 301223.SZ | GQH1: 301222.SZ | GQI1: 301221.SZ | GQJ1: 301220.SZ | GQK1: 301219.SZ | GQL1: 301218.SZ | GQM1: 301217.SZ | GQN1: 301216.SZ | GQO1: 301215.SZ | GQP1: 301213.SZ | GQQ1: 301212.SZ | GQR1: 301211.SZ | GQS1: 301210.SZ | GQT1: 301209.SZ | GQU1: 301208.SZ | GQV1: 301207.SZ | GQW1: 301206.SZ | GQX1: 301205.SZ | GQY1: 301203.SZ | GQZ1: 301202.SZ | GRA1: 301201.SZ | GRB1: 301200.SZ | GRC1: 301199.SZ | GRD1: 301198.SZ | GRE1: 301197.SZ | GRF1: 301196.SZ | GRG1: 301195.SZ | GRH1: 301193.SZ | GRI1: 301192.SZ | GRJ1: 301191.SZ | GRK1: 301190.SZ | GRL1: 301189.SZ | GRM1: 301188.SZ | GRN1: 301187.SZ | GRO1: 301186.SZ | GRP1: 301185.SZ | GRQ1: 301183.SZ | GRR1: 301182.SZ | GRS1: 301181.SZ | GRT1: 301180.SZ | GRU1: 301179.SZ | GRV1: 301178.SZ | GRW1: 301177.SZ | GRX1: 301176.SZ | GRY1: 301175.SZ | GRZ1: 301173.SZ | GSA1: 301172.SZ | GSB1: 301171.SZ | GSC1: 301170.SZ | GSD1: 301169.SZ | GSE1: 301168.SZ | GSF1: 301167.SZ | GSG1: 301166.SZ | GSH1: 301165.SZ | GSI1: 301163.SZ | GSJ1: 301162.SZ | GSK1: 301161.SZ | GSL1: 301160.SZ | GSM1: 301159.SZ | GSN1: 301158.SZ | GSO1: 301157.SZ | GSP1: 301156.SZ | GSQ1: 301155.SZ | GSR1: 301153.SZ | GSS1: 301152.SZ | GST1: 301151.SZ | GSU1: 301150.SZ | GSV1: 301149.SZ | GSW1: 301148.SZ | GSX1: 301141.SZ | GSY1: 301139.SZ | GSZ1: 301138.SZ | GTA1: 301137.SZ | GTB1: 301136.SZ | GTC1: 301135.SZ | GTD1: 301133.SZ | GTE1: 301132.SZ | GTF1: 301131.SZ | GTG1: 301130.SZ | GTH1: 301129.SZ | GTI1: 301128.SZ | GTJ1: 301127.SZ | GTK1: 301126.SZ | GTL1: 301125.SZ | GTM1: 301123.SZ | GTN1: 301122.SZ | GTO1: 301121.SZ | GTP1: 301120.SZ | GTQ1: 301119.SZ | GTR1: 301118.SZ | GTS1: 301117.SZ | GTT1: 301116.SZ | GTU1: 301115.SZ | GTV1: 301113.SZ | GTW1: 301112.SZ | GTX1: 301111.SZ | GTY1: 301110.SZ | GTZ1: 301109.SZ | GUA1: 301108.SZ | GUB1: 301107.SZ | GUC1: 301106.SZ | GUD1: 301105.SZ | GUE1: 301103.SZ | GUF1: 301102.SZ | GUG1: 301101.SZ | GUH1: 301100.SZ | GUI1: 301099.SZ | GUJ1: 301098.SZ | GUK1: 301097.SZ | GUL1: 301096.SZ | GUM1: 301095.SZ | GUN1: 301093.SZ | GUO1: 301092.SZ | GUP1: 301091.SZ | GUQ1: 301090.SZ | GUR1: 301089.SZ | GUS1: 301088.SZ | GUT1: 301087.SZ | GUU1: 301086.SZ | GUV1: 301085.SZ | GUW1: 301083.SZ | GUX1: 301082.SZ | GUY1: 301081.SZ | GUZ1: 301080.SZ | GVA1: 301079.SZ | GVB1: 301078.SZ | GVC1: 301077.SZ | GVD1: 301076.SZ | GVE1: 301075.SZ | GVF1: 301073.SZ | GVG1: 301072.SZ | GVH1: 301071.SZ | GVI1: 301070.SZ | GVJ1: 301069.SZ | GVK1: 301068.SZ | GVL1: 301067.SZ | GVM1: 301066.SZ | GVN1: 301065.SZ | GVO1: 301063.SZ | GVP1: 301062.SZ | GVQ1: 301061.SZ | GVR1: 301060.SZ | GVS1: 301059.SZ | GVT1: 301058.SZ | GVU1: 301057.SZ | GVV1: 301056.SZ | GVW1: 301055.SZ | GVX1: 301053.SZ | GVY1: 301052.SZ | GVZ1: 301051.SZ | GWA1: 301050.SZ | GWB1: 301049.SZ | GWC1: 301048.SZ | GWD1: 301047.SZ | GWE1: 301046.SZ | GWF1: 301045.SZ | GWG1: 301043.SZ | GWH1: 301042.SZ | GWI1: 301041.SZ | GWJ1: 301040.SZ | GWK1: 301039.SZ | GWL1: 301038.SZ | GWM1: 301037.SZ | GWN1: 301036.SZ | GWO1: 301035.SZ | GWP1: 301033.SZ | GWQ1: 301032.SZ | GWR1: 301031.SZ | GWS1: 301030.SZ | GWT1: 301029.SZ | GWU1: 301028.SZ | GWV1: 301027.SZ | GWW1: 301026.SZ | GWX1: 301025.SZ | GWY1: 301024.SZ | GWZ1: 301023.SZ | GXA1: 301022.SZ | GXB1: 301021.SZ | GXC1: 301020.SZ | GXD1: 301019.SZ | GXE1: 301018.SZ | GXF1: 301017.SZ | GXG1: 301016.SZ | GXH1: 301015.SZ | GXI1: 301013.SZ | GXJ1: 301012.SZ | GXK1: 301011.SZ | GXL1: 301010.SZ | GXM1: 301009.SZ | GXN1: 301008.SZ | GXO1: 301007.SZ | GXP1: 301006.SZ | GXQ1: 301005.SZ | GXR1: 301004.SZ | GXS1: 301003.SZ | GXT1: 301002.SZ | GXU1: 301001.SZ | GXV1: 301000.SZ | GXW1: 300999.SZ | GXX1: 300998.SZ | GXY1: 300997.SZ | GXZ1: 300996.SZ | GYA1: 300995.SZ | GYB1: 300994.SZ | GYC1: 300993.SZ | GYD1: 300992.SZ | GYE1: 300991.SZ | GYF1: 300990.SZ | GYG1: 300989.SZ | GYH1: 300988.SZ | GYI1: 300987.SZ | GYJ1: 300986.SZ | GYK1: 300985.SZ | GYL1: 300984.SZ | GYM1: 300983.SZ | GYN1: 300982.SZ | GYO1: 300981.SZ | GYP1: 300980.SZ | GYQ1: 300979.SZ | GYR1: 300978.SZ | GYS1: 300977.SZ | GYT1: 300976.SZ | GYU1: 300975.SZ | GYV1: 300973.SZ | GYW1: 300972.SZ | GYX1: 300971.SZ | GYY1: 300970.SZ | GYZ1: 300969.SZ | GZA1: 300968.SZ | GZB1: 300967.SZ | GZC1: 300966.SZ | GZD1: 300965.SZ | GZE1: 300964.SZ | GZF1: 300963.SZ | GZG1: 300962.SZ | GZH1: 300961.SZ | GZI1: 300960.SZ | GZJ1: 300959.SZ | GZK1: 300958.SZ | GZL1: 300957.SZ | GZM1: 300956.SZ | GZN1: 300955.SZ | GZO1: 300953.SZ | GZP1: 300952.SZ | GZQ1: 300951.SZ | GZR1: 300950.SZ | GZS1: 300949.SZ | GZT1: 300948.SZ | GZU1: 300947.SZ | GZV1: 300946.SZ | GZW1: 300945.SZ | GZX1: 300943.SZ | GZY1: 300942.SZ | GZZ1: 300941.SZ | HAA1: 300940.SZ | HAB1: 300939.SZ | HAC1: 300938.SZ | HAD1: 300937.SZ | HAE1: 300936.SZ | HAF1: 300935.SZ | HAG1: 300933.SZ | HAH1: 300932.SZ | HAI1: 300931.SZ | HAJ1: 300930.SZ | HAK1: 300929.SZ | HAL1: 300928.SZ | HAM1: 300927.SZ | HAN1: 300926.SZ | HAO1: 300925.SZ | HAP1: 300923.SZ | HAQ1: 300922.SZ | HAR1: 300921.SZ | HAS1: 300920.SZ | HAT1: 300919.SZ | HAU1: 300918.SZ | HAV1: 300917.SZ | HAW1: 300916.SZ | HAX1: 300915.SZ | HAY1: 300913.SZ | HAZ1: 300912.SZ | HBA1: 300911.SZ | HBB1: 300910.SZ | HBC1: 300909.SZ | HBD1: 300908.SZ | HBE1: 300907.SZ | HBF1: 300906.SZ | HBG1: 300905.SZ | HBH1: 300904.SZ | HBI1: 300903.SZ | HBJ1: 300902.SZ | HBK1: 300901.SZ | HBL1: 300900.SZ | HBM1: 300899.SZ | HBN1: 300898.SZ | HBO1: 300897.SZ | HBP1: 300896.SZ | HBQ1: 300895.SZ | HBR1: 300894.SZ | HBS1: 300893.SZ | HBT1: 300892.SZ | HBU1: 300891.SZ | HBV1: 300890.SZ | HBW1: 300889.SZ | HBX1: 300888.SZ | HBY1: 300887.SZ | HBZ1: 300886.SZ | HCA1: 300885.SZ | HCB1: 300884.SZ | HCC1: 300883.SZ | HCD1: 300882.SZ | HCE1: 300881.SZ | HCF1: 300880.SZ | HCG1: 300879.SZ | HCH1: 300878.SZ | HCI1: 300877.SZ | HCJ1: 300876.SZ | HCK1: 300875.SZ | HCL1: 300873.SZ | HCM1: 300872.SZ | HCN1: 300871.SZ | HCO1: 300870.SZ | HCP1: 300869.SZ | HCQ1: 300868.SZ | HCR1: 300867.SZ | HCS1: 300866.SZ | HCT1: 300865.SZ | HCU1: 300864.SZ | HCV1: 300863.SZ | HCW1: 300862.SZ | HCX1: 300861.SZ | HCY1: 300860.SZ | HCZ1: 300859.SZ | HDA1: 300858.SZ | HDB1: 300857.SZ | HDC1: 300856.SZ | HDD1: 300855.SZ | HDE1: 300854.SZ | HDF1: 300853.SZ | HDG1: 300852.SZ | HDH1: 300851.SZ | HDI1: 300850.SZ | HDJ1: 300849.SZ | HDK1: 300848.SZ | HDL1: 300847.SZ | HDM1: 300846.SZ | HDN1: 300845.SZ | HDO1: 300844.SZ | HDP1: 300843.SZ | HDQ1: 300842.SZ | HDR1: 300841.SZ | HDS1: 300840.SZ | HDT1: 300839.SZ | HDU1: 300838.SZ | HDV1: 300837.SZ | HDW1: 300836.SZ | HDX1: 300835.SZ | HDY1: 300834.SZ | HDZ1: 300833.SZ | HEA1: 300832.SZ | HEB1: 300831.SZ | HEC1: 300830.SZ | HED1: 300829.SZ | HEE1: 300828.SZ | HEF1: 300827.SZ | HEG1: 300826.SZ | HEH1: 300825.SZ | HEI1: 300824.SZ | HEJ1: 300823.SZ | HEK1: 300822.SZ | HEL1: 300821.SZ | HEM1: 300820.SZ | HEN1: 300819.SZ | HEO1: 300818.SZ | HEP1: 300817.SZ | HEQ1: 300816.SZ | HER1: 300815.SZ | HES1: 300814.SZ | HET1: 300813.SZ | HEU1: 300804.SZ | HEV1: 300784.SZ | HEW1: 300774.SZ | HEX1: 300614.SZ | HEY1: 003043.SZ | HEZ1: 003042.SZ | HFA1: 003041.SZ | HFB1: 003040.SZ | HFC1: 003039.SZ | HFD1: 003038.SZ | HFE1: 003037.SZ | HFF1: 003036.SZ | HFG1: 003035.SZ | HFH1: 003033.SZ | HFI1: 003032.SZ | HFJ1: 003031.SZ | HFK1: 003030.SZ | HFL1: 003029.SZ | HFM1: 003028.SZ | HFN1: 003027.SZ | HFO1: 003026.SZ | HFP1: 003025.SZ | HFQ1: 003023.SZ | HFR1: 003022.SZ | HFS1: 003021.SZ | HFT1: 003020.SZ | HFU1: 003019.SZ | HFV1: 003018.SZ | HFW1: 003017.SZ | HFX1: 003016.SZ | HFY1: 003015.SZ | HFZ1: 003013.SZ | HGA1: 003012.SZ | HGB1: 003011.SZ | HGC1: 003010.SZ | HGD1: 003009.SZ | HGE1: 003008.SZ | HGF1: 003007.SZ | HGG1: 003006.SZ | HGH1: 003005.SZ | HGI1: 003004.SZ | HGJ1: 003003.SZ | HGK1: 003002.SZ | HGL1: 003001.SZ | HGM1: 003000.SZ | HGN1: 002999.SZ | HGO1: 002998.SZ | HGP1: 002997.SZ | HGQ1: 002996.SZ | HGR1: 002995.SZ | HGS1: 002993.SZ | HGT1: 002992.SZ | HGU1: 002991.SZ | HGV1: 002990.SZ | HGW1: 002989.SZ | HGX1: 002988.SZ | HGY1: 002987.SZ | HGZ1: 002986.SZ | HHA1: 002985.SZ | HHB1: 002984.SZ | HHC1: 002983.SZ | HHD1: 002982.SZ | HHE1: 002981.SZ | HHF1: 002980.SZ | HHG1: 002979.SZ | HHH1: 002978.SZ | HHI1: 002977.SZ | HHJ1: 002976.SZ | HHK1: 002975.SZ | HHL1: 002971.SZ | HHM1: 001400.SZ | HHN1: 001395.SZ | HHO1: 001391.SZ | HHP1: 001390.SZ | HHQ1: 001389.SZ | HHR1: 001388.SZ | HHS1: 001387.SZ | HHT1: 001386.SZ | HHU1: 001382.SZ | HHV1: 001380.SZ | HHW1: 001379.SZ | HHX1: 001378.SZ | HHY1: 001376.SZ | HHZ1: 001373.SZ | HIA1: 001368.SZ | HIB1: 001367.SZ | HIC1: 001366.SZ | HID1: 001360.SZ | HIE1: 001359.SZ | HIF1: 001358.SZ | HIG1: 001356.SZ | HIH1: 001339.SZ | HII1: 001338.SZ | HIJ1: 001337.SZ | HIK1: 001336.SZ | HIL1: 001335.SZ | HIM1: 001333.SZ | HIN1: 001332.SZ | HIO1: 001331.SZ | HIP1: 001330.SZ | HIQ1: 001328.SZ | HIR1: 001326.SZ | HIS1: 001324.SZ | HIT1: 001323.SZ | HIU1: 001322.SZ | HIV1: 001319.SZ | HIW1: 001318.SZ | HIX1: 001317.SZ | HIY1: 001316.SZ | HIZ1: 001314.SZ | HJA1: 001313.SZ | HJB1: 001311.SZ | HJC1: 001309.SZ | HJD1: 001308.SZ | HJE1: 001306.SZ | HJF1: 001301.SZ | HJG1: 001300.SZ | HJH1: 001299.SZ | HJI1: 001298.SZ | HJJ1: 001296.SZ | HJK1: 001289.SZ | HJL1: 001288.SZ | HJM1: 001287.SZ | HJN1: 001286.SZ | HJO1: 001285.SZ | HJP1: 001283.SZ | HJQ1: 001282.SZ | HJR1: 001280.SZ | HJS1: 001279.SZ | HJT1: 001278.SZ | HJU1: 001277.SZ | HJV1: 001270.SZ | HJW1: 001269.SZ | HJX1: 001268.SZ | HJY1: 001267.SZ | HJZ1: 001266.SZ | HKA1: 001260.SZ | HKB1: 001259.SZ | HKC1: 001258.SZ | HKD1: 001256.SZ | HKE1: 001255.SZ | HKF1: 001239.SZ | HKG1: 001238.SZ | HKH1: 001236.SZ | HKI1: 001234.SZ | HKJ1: 001233.SZ | HKK1: 001231.SZ | HKL1: 001230.SZ | HKM1: 001229.SZ | HKN1: 001228.SZ | HKO1: 001227.SZ | HKP1: 001226.SZ | HKQ1: 001225.SZ | HKR1: 001223.SZ | HKS1: 001222.SZ | HKT1: 001221.SZ | HKU1: 001219.SZ | HKV1: 001218.SZ | HKW1: 001217.SZ | HKX1: 001216.SZ | HKY1: 001215.SZ | HKZ1: 001213.SZ | HLA1: 001212.SZ | HLB1: 001211.SZ | HLC1: 001210.SZ | HLD1: 001209.SZ | HLE1: 001208.SZ | HLF1: 001207.SZ | HLG1: 001206.SZ | HLH1: 001205.SZ | HLI1: 001203.SZ | HLJ1: 001202.SZ | HLK1: 001201.SZ | HLL1: 002750.SZ | HLM1: 300431.SZ | HLN1: 002751.SZ | HLO1: 002776.SZ | HLP1: 002770.SZ | HLQ1: 002781.SZ | HLR1: 300495.SZ | HLS1: 603996.SH | HLT1: 300526.SZ | HLU1: 603603.SH | HLV1: 603133.SH | HLW1: 603388.SH | HLX1: 300630.SZ | HLY1: 603963.SH | HLZ1: 603157.SH | HMA1: 300742.SZ | HMB1: 300799.SZ | HMC1: 002477.SZ | HMD1: 300186.SZ | HME1: 601268.SH | HMF1: 002680.SZ | HMG1: 300372.SZ | HMH1: 600591.SH | HMI1: 600296.SH | HMJ1: 600357.SH | HMK1: 600709.SH | HML1: 000730.SZ | HMM1: 600878.SH | HMN1: 000653.SZ | HMO1: 000405.SZ | HMP1: 000621.SZ | HMQ1: 000412.SZ | HMR1: 000658.SZ | HMS1: 000660.SZ | HMT1: 000689.SZ | HMU1: 000588.SZ | HMV1: 000675.SZ
